loss,params,iteration,estimators,train_time
0.9948177386244058,"{'learning_rate': 0.005262022515345712, 'max_depth': 17, 'max_features': 6, 'min_samples_split': 4, 'subsample': 0.511756293673716}",1,100,0.2949039060040377
0.9989090219784529,"{'learning_rate': 0.001304015990112039, 'max_depth': 19, 'max_features': 5, 'min_samples_split': 4, 'subsample': 0.7892415551921983}",2,100,0.45680104100028984
0.9944051464709043,"{'learning_rate': 0.0032268228135971543, 'max_depth': 13, 'max_features': 8, 'min_samples_split': 6, 'subsample': 0.8961007949889611}",3,100,0.4609330820021569
0.9450247825095168,"{'learning_rate': 0.07894545278860855, 'max_depth': 16, 'max_features': 5, 'min_samples_split': 2, 'subsample': 0.9874039914023935}",4,32,0.12892458599526435
0.998970030510867,"{'learning_rate': 0.01390215751705009, 'max_depth': 1, 'max_features': 3, 'min_samples_split': 6, 'subsample': 0.9989518917655467}",5,100,0.2089628339963383
0.9953176073491504,"{'learning_rate': 0.010197908797138258, 'max_depth': 3, 'max_features': 2, 'min_samples_split': 4, 'subsample': 0.9895451230086353}",6,100,0.24633624599664472
0.9898264503841893,"{'learning_rate': 0.005666859308810546, 'max_depth': 15, 'max_features': 7, 'min_samples_split': 3, 'subsample': 0.9491749748918008}",7,77,0.34499165199667914
0.9887274892005322,"{'learning_rate': 0.005628305415972378, 'max_depth': 7, 'max_features': 4, 'min_samples_split': 5, 'subsample': 0.9945123692340203}",8,100,0.3670115880013327
0.9435229763480535,"{'learning_rate': 0.1543130500779577, 'max_depth': 8, 'max_features': 8, 'min_samples_split': 4, 'subsample': 0.9731226522784546}",9,6,0.07536280100612203
0.9864192770176031,"{'learning_rate': 0.08296876173947705, 'max_depth': 2, 'max_features': 7, 'min_samples_split': 4, 'subsample': 0.896140836495642}",10,34,0.08994731400161982
0.9754953484992422,"{'learning_rate': 0.0760078198463795, 'max_depth': 18, 'max_features': 2, 'min_samples_split': 5, 'subsample': 0.9675763543325986}",11,9,0.06645194900193019
0.9793284444069196,"{'learning_rate': 0.09809506027174411, 'max_depth': 3, 'max_features': 3, 'min_samples_split': 2, 'subsample': 0.8491830123678765}",12,23,0.07638339400000405
0.9984317761998761,"{'learning_rate': 0.0016422116698057193, 'max_depth': 6, 'max_features': 9, 'min_samples_split': 3, 'subsample': 0.9981240399186098}",13,100,0.37321368899574736
0.9781650785668853,"{'learning_rate': 0.00936055255434447, 'max_depth': 13, 'max_features': 3, 'min_samples_split': 5, 'subsample': 0.946046944731305}",14,100,0.2921785959988483
0.9909063404914027,"{'learning_rate': 0.009783900742906892, 'max_depth': 8, 'max_features': 4, 'min_samples_split': 4, 'subsample': 0.6832369028367675}",15,59,0.20010247299796902
0.9194083332907922,"{'learning_rate': 0.17341147580795638, 'max_depth': 15, 'max_features': 1, 'min_samples_split': 5, 'subsample': 0.9924623459278863}",16,11,0.07152227900223807
0.9958056815484692,"{'learning_rate': 0.002764667013776345, 'max_depth': 15, 'max_features': 4, 'min_samples_split': 4, 'subsample': 0.9985848100207654}",17,85,0.4517460960050812
0.9946154488858118,"{'learning_rate': 0.0035771338378677016, 'max_depth': 7, 'max_features': 9, 'min_samples_split': 6, 'subsample': 0.9971818699128207}",18,100,0.37128356599714607
0.9701487179867323,"{'learning_rate': 0.0518716927985908, 'max_depth': 15, 'max_features': 1, 'min_samples_split': 2, 'subsample': 0.971980095133705}",19,28,0.09503744699759409
0.9988143867216573,"{'learning_rate': 0.0020153002440818435, 'max_depth': 7, 'max_features': 7, 'min_samples_split': 4, 'subsample': 0.5697469276565299}",20,100,0.3069774600007804
0.9357220724453774,"{'learning_rate': 0.1996137752271692, 'max_depth': 10, 'max_features': 8, 'min_samples_split': 5, 'subsample': 0.9877769209022531}",21,7,0.08334682799613802
0.9627475702060116,"{'learning_rate': 0.033021672528301835, 'max_depth': 11, 'max_features': 1, 'min_samples_split': 5, 'subsample': 0.9954622365664556}",22,54,0.12599427700479282
0.9158196148549793,"{'learning_rate': 0.19011609677117458, 'max_depth': 10, 'max_features': 6, 'min_samples_split': 5, 'subsample': 0.9879479743898386}",23,14,0.07378849799715681
0.9675856093908861,"{'learning_rate': 0.027335531855128974, 'max_depth': 20, 'max_features': 6, 'min_samples_split': 6, 'subsample': 0.9921809870858004}",24,51,0.17036642700259108
0.9519565537475326,"{'learning_rate': 0.15885265039702995, 'max_depth': 12, 'max_features': 6, 'min_samples_split': 5, 'subsample': 0.9966956615339474}",25,8,0.07262215000082506
0.9754457808143057,"{'learning_rate': 0.029788183929587254, 'max_depth': 10, 'max_features': 5, 'min_samples_split': 6, 'subsample': 0.9831046158968147}",26,86,0.15522323299956042
0.945162634312013,"{'learning_rate': 0.12747620569988152, 'max_depth': 21, 'max_features': 6, 'min_samples_split': 5, 'subsample': 0.9931395782857076}",27,12,0.06945402700512204
0.9523453815780969,"{'learning_rate': 0.19476741815790657, 'max_depth': 5, 'max_features': 2, 'min_samples_split': 3, 'subsample': 0.9975181564289514}",28,11,0.060362845004419796
0.9617474279026438,"{'learning_rate': 0.04816351726642267, 'max_depth': 17, 'max_features': 6, 'min_samples_split': 5, 'subsample': 0.9536170567149217}",29,35,0.11699048800073797
0.9845246796522324,"{'learning_rate': 0.050997273729711044, 'max_depth': 13, 'max_features': 4, 'min_samples_split': 6, 'subsample': 0.9828276995892833}",30,18,0.08162125100352569
0.9820814587024563,"{'learning_rate': 0.018655942482521132, 'max_depth': 10, 'max_features': 5, 'min_samples_split': 5, 'subsample': 0.995665157315992}",31,37,0.1691842110012658
0.9266441621744917,"{'learning_rate': 0.1273783772417192, 'max_depth': 19, 'max_features': 7, 'min_samples_split': 6, 'subsample': 0.9909616766503161}",32,20,0.10198776500328677
0.9991000250383044,"{'learning_rate': 0.0010939351702733396, 'max_depth': 14, 'max_features': 8, 'min_samples_split': 6, 'subsample': 0.9153005829600697}",33,100,0.46095070699811913
0.9557282125831408,"{'learning_rate': 0.06420560904365549, 'max_depth': 17, 'max_features': 5, 'min_samples_split': 5, 'subsample': 0.9843704879623096}",34,16,0.11136912200163351
0.9377472651249062,"{'learning_rate': 0.10441785123303148, 'max_depth': 11, 'max_features': 3, 'min_samples_split': 5, 'subsample': 0.998689235199044}",35,18,0.09014346500043757
0.9839273905368755,"{'learning_rate': 0.01842023530998705, 'max_depth': 9, 'max_features': 6, 'min_samples_split': 6, 'subsample': 0.9931518181312029}",36,33,0.15301600599923404
0.9535985858581532,"{'learning_rate': 0.1969328979375042, 'max_depth': 12, 'max_features': 7, 'min_samples_split': 4, 'subsample': 0.9783881106487252}",37,7,0.05959483799961163
0.9639889273853279,"{'learning_rate': 0.03882342958830758, 'max_depth': 5, 'max_features': 5, 'min_samples_split': 3, 'subsample': 0.9589182981571736}",38,63,0.14940158500394318
0.9485971302832781,"{'learning_rate': 0.1413403978710368, 'max_depth': 16, 'max_features': 1, 'min_samples_split': 6, 'subsample': 0.9963362070575317}",39,7,0.06177063599898247
0.9861225521814053,"{'learning_rate': 0.007504666574294109, 'max_depth': 18, 'max_features': 2, 'min_samples_split': 5, 'subsample': 0.9941613077736432}",40,67,0.30023600599815836
0.9810011246157878,"{'learning_rate': 0.019410956840156347, 'max_depth': 14, 'max_features': 9, 'min_samples_split': 4, 'subsample': 0.9211144623445028}",41,57,0.2178136340007768
0.9363034467485368,"{'learning_rate': 0.09635629147183021, 'max_depth': 16, 'max_features': 8, 'min_samples_split': 6, 'subsample': 0.9892535068866206}",42,13,0.1019579359999625
0.9651687153767738,"{'learning_rate': 0.07699014036536009, 'max_depth': 9, 'max_features': 4, 'min_samples_split': 5, 'subsample': 0.9978667693593566}",43,19,0.07458393100387184
0.9793678896456546,"{'learning_rate': 0.06309448438884281, 'max_depth': 4, 'max_features': 3, 'min_samples_split': 4, 'subsample': 0.9797806069696433}",44,29,0.0880996809937642
0.9703371598940638,"{'learning_rate': 0.023812468484419966, 'max_depth': 12, 'max_features': 2, 'min_samples_split': 3, 'subsample': 0.9989093628965706}",45,39,0.14206200299668126
0.9876704714379259,"{'learning_rate': 0.014126852299455738, 'max_depth': 14, 'max_features': 7, 'min_samples_split': 5, 'subsample': 0.8071105057628543}",46,100,0.20942034700419754
0.9921074471303801,"{'learning_rate': 0.0046305346025733015, 'max_depth': 21, 'max_features': 6, 'min_samples_split': 6, 'subsample': 0.9631394399502774}",47,100,0.40047706000041217
0.9147805327085433,"{'learning_rate': 0.16452633060278288, 'max_depth': 19, 'max_features': 4, 'min_samples_split': 4, 'subsample': 0.9391181157379672}",48,20,0.08468690599693218
0.9916501325783921,"{'learning_rate': 0.03925696648293077, 'max_depth': 19, 'max_features': 4, 'min_samples_split': 3, 'subsample': 0.9425299366035934}",49,15,0.08234393600287149
0.9481404226698609,"{'learning_rate': 0.11629197495657752, 'max_depth': 8, 'max_features': 5, 'min_samples_split': 4, 'subsample': 0.859058162497041}",50,10,0.07850442400376778
0.9983887995566734,"{'learning_rate': 0.012122711354869826, 'max_depth': 2, 'max_features': 3, 'min_samples_split': 2, 'subsample': 0.7318329282854097}",51,100,0.13796319800167112
0.9996176486587169,"{'learning_rate': 0.007073284547131097, 'max_depth': 1, 'max_features': 4, 'min_samples_split': 3, 'subsample': 0.9336650054171508}",52,100,0.22597645399946487
0.9589998947816215,"{'learning_rate': 0.06629948560350703, 'max_depth': 6, 'max_features': 6, 'min_samples_split': 4, 'subsample': 0.9721665864198775}",53,35,0.1376194240001496
0.9580726527713308,"{'learning_rate': 0.08523873388216972, 'max_depth': 20, 'max_features': 8, 'min_samples_split': 4, 'subsample': 0.8884133633916855}",54,15,0.09313358800136484
0.9977269138249544,"{'learning_rate': 0.002219678422155841, 'max_depth': 9, 'max_features': 4, 'min_samples_split': 3, 'subsample': 0.5632941479697053}",55,100,0.4105203020008048
0.9483794629807457,"{'learning_rate': 0.14818171115423728, 'max_depth': 7, 'max_features': 3, 'min_samples_split': 4, 'subsample': 0.9860664293175158}",56,17,0.0848307289998047
0.9325932631893978,"{'learning_rate': 0.18052416202965446, 'max_depth': 13, 'max_features': 5, 'min_samples_split': 4, 'subsample': 0.8647218827997321}",57,10,0.06518264300393639
0.985254456438962,"{'learning_rate': 0.041486820564090844, 'max_depth': 3, 'max_features': 9, 'min_samples_split': 2, 'subsample': 0.7880733735377681}",58,22,0.11846114299987676
0.9990726774289435,"{'learning_rate': 0.0014828753424111893, 'max_depth': 6, 'max_features': 7, 'min_samples_split': 3, 'subsample': 0.9646519066120094}",59,100,0.42516193600022234
0.9893613074228003,"{'learning_rate': 0.023089759327743507, 'max_depth': 17, 'max_features': 3, 'min_samples_split': 4, 'subsample': 0.6609183069884301}",60,56,0.11676647800049977
0.9936728602750697,"{'learning_rate': 0.0033643022194271995, 'max_depth': 18, 'max_features': 5, 'min_samples_split': 5, 'subsample': 0.9310417204280977}",61,100,0.4137551870007883
0.9642025389097585,"{'learning_rate': 0.05656101656797543, 'max_depth': 11, 'max_features': 7, 'min_samples_split': 5, 'subsample': 0.8905994032807749}",62,45,0.11327897999581182
0.9510470519565215,"{'learning_rate': 0.09178554100889699, 'max_depth': 8, 'max_features': 4, 'min_samples_split': 4, 'subsample': 0.9743148849539225}",63,14,0.0845567590004066
0.9755738026327997,"{'learning_rate': 0.03277379100500869, 'max_depth': 4, 'max_features': 6, 'min_samples_split': 5, 'subsample': 0.9902763216159443}",64,47,0.1638241120017483
0.9396307331897242,"{'learning_rate': 0.11358149714686831, 'max_depth': 20, 'max_features': 2, 'min_samples_split': 3, 'subsample': 0.9878860951917963}",65,14,0.07599293900420889
0.925933959070206,"{'learning_rate': 0.17004344174447905, 'max_depth': 16, 'max_features': 1, 'min_samples_split': 5, 'subsample': 0.9948053699953456}",66,6,0.06224234399996931
0.9470040928265757,"{'learning_rate': 0.13098316672904559, 'max_depth': 15, 'max_features': 1, 'min_samples_split': 5, 'subsample': 0.992075295157676}",67,8,0.06791624699690146
0.9461040167844541,"{'learning_rate': 0.19843222949904338, 'max_depth': 15, 'max_features': 7, 'min_samples_split': 6, 'subsample': 0.9982604767586679}",68,9,0.06770086500182515
0.9068247980441974,"{'learning_rate': 0.15891013872513432, 'max_depth': 13, 'max_features': 2, 'min_samples_split': 5, 'subsample': 0.997314090253457}",69,38,0.08949828500044532
0.9343021418286596,"{'learning_rate': 0.07342131078346638, 'max_depth': 10, 'max_features': 2, 'min_samples_split': 6, 'subsample': 0.9962328342585582}",70,25,0.10254750300373416
0.9488542543243031,"{'learning_rate': 0.16242738634088416, 'max_depth': 12, 'max_features': 2, 'min_samples_split': 5, 'subsample': 0.9535051848332736}",71,6,0.06580017000669613
0.9506199067931522,"{'learning_rate': 0.11587575210239459, 'max_depth': 9, 'max_features': 3, 'min_samples_split': 6, 'subsample': 0.9989962594558028}",72,10,0.0780460009991657
0.941206612305152,"{'learning_rate': 0.044923964448305286, 'max_depth': 14, 'max_features': 5, 'min_samples_split': 5, 'subsample': 0.9983352141184304}",73,30,0.18858570700103883
0.9246015063094553,"{'learning_rate': 0.1061776767133084, 'max_depth': 13, 'max_features': 6, 'min_samples_split': 5, 'subsample': 0.9974408641937397}",74,31,0.11226850900129648
0.9621739021989278,"{'learning_rate': 0.05653501302577758, 'max_depth': 11, 'max_features': 4, 'min_samples_split': 4, 'subsample': 0.9792511775465648}",75,20,0.12282362300175009
0.9435489164727431,"{'learning_rate': 0.14113424001334587, 'max_depth': 18, 'max_features': 2, 'min_samples_split': 6, 'subsample': 0.994264790788616}",76,23,0.08666303599602543
0.9444403241269728,"{'learning_rate': 0.08364906978173985, 'max_depth': 10, 'max_features': 1, 'min_samples_split': 5, 'subsample': 0.9969971563720541}",77,27,0.09408291800355073
0.9527072632629666,"{'learning_rate': 0.03566297003659725, 'max_depth': 19, 'max_features': 4, 'min_samples_split': 4, 'subsample': 0.9986901140306139}",78,52,0.1787771960007376
0.9079534033676475,"{'learning_rate': 0.1819647131234168, 'max_depth': 7, 'max_features': 3, 'min_samples_split': 6, 'subsample': 0.9081969993636216}",79,16,0.07656112300173845
0.9849382843883213,"{'learning_rate': 0.011878896762936355, 'max_depth': 6, 'max_features': 3, 'min_samples_split': 6, 'subsample': 0.9121531344487315}",80,100,0.22702480499719968
0.9695813638140524,"{'learning_rate': 0.0682488330892186, 'max_depth': 5, 'max_features': 1, 'min_samples_split': 6, 'subsample': 0.8098316135562941}",81,56,0.12229175199900055
0.9711727035231088,"{'learning_rate': 0.016158998894654702, 'max_depth': 8, 'max_features': 3, 'min_samples_split': 6, 'subsample': 0.8380001377757673}",82,74,0.23381286500080023
0.9985542367645068,"{'learning_rate': 0.0045519974627387496, 'max_depth': 4, 'max_features': 2, 'min_samples_split': 2, 'subsample': 0.755372582507607}",83,83,0.226828430997557
0.9682002321264738,"{'learning_rate': 0.0584268293853807, 'max_depth': 7, 'max_features': 3, 'min_samples_split': 6, 'subsample': 0.8758981416173395}",84,23,0.09890969799744198
0.997231343149669,"{'learning_rate': 0.0274245383714894, 'max_depth': 2, 'max_features': 2, 'min_samples_split': 6, 'subsample': 0.9039300668592893}",85,52,0.1292565600015223
0.9999998563696785,"{'learning_rate': 0.0010793490845455332, 'max_depth': 1, 'max_features': 2, 'min_samples_split': 3, 'subsample': 0.9372414000060642}",86,10,0.05118705199856777
0.9543959572534267,"{'learning_rate': 0.047218403843454326, 'max_depth': 21, 'max_features': 3, 'min_samples_split': 4, 'subsample': 0.9688581081921005}",87,49,0.13319148199661868
0.9317690404954584,"{'learning_rate': 0.09306552911984935, 'max_depth': 12, 'max_features': 4, 'min_samples_split': 5, 'subsample': 0.9571405042152353}",88,36,0.1028924120037118
0.9605073391578182,"{'learning_rate': 0.13174450692829254, 'max_depth': 20, 'max_features': 3, 'min_samples_split': 5, 'subsample': 0.6751320697176983}",89,37,0.08623431000160053
0.9927572366072749,"{'learning_rate': 0.15486978145360267, 'max_depth': 3, 'max_features': 1, 'min_samples_split': 4, 'subsample': 0.92253266312406}",90,15,0.06792438000411494
0.9328943289738652,"{'learning_rate': 0.18003998438503693, 'max_depth': 16, 'max_features': 4, 'min_samples_split': 3, 'subsample': 0.8335176776666109}",91,9,0.06298145600158023
0.9831725371608312,"{'learning_rate': 0.008108738427439791, 'max_depth': 17, 'max_features': 1, 'min_samples_split': 6, 'subsample': 0.9440476540834051}",92,100,0.31553380400146125
0.9871642619722881,"{'learning_rate': 0.021844414526791662, 'max_depth': 5, 'max_features': 3, 'min_samples_split': 4, 'subsample': 0.9828837683999369}",93,45,0.14273616900027264
0.9532464433746,"{'learning_rate': 0.07519523391143357, 'max_depth': 8, 'max_features': 4, 'min_samples_split': 5, 'subsample': 0.9770741820544903}",94,21,0.10383617500338005
0.9418655714455793,"{'learning_rate': 0.10752002201412862, 'max_depth': 14, 'max_features': 2, 'min_samples_split': 6, 'subsample': 0.9618995809676362}",95,28,0.08236813999974402
0.9278839360363031,"{'learning_rate': 0.1989982313243254, 'max_depth': 19, 'max_features': 5, 'min_samples_split': 3, 'subsample': 0.622284936190108}",96,6,0.06048183399980189
0.9734596798743084,"{'learning_rate': 0.03118049905015703, 'max_depth': 7, 'max_features': 3, 'min_samples_split': 5, 'subsample': 0.9860521108627796}",97,80,0.13113430899829837
0.9974507517648626,"{'learning_rate': 0.002931445650743121, 'max_depth': 9, 'max_features': 4, 'min_samples_split': 4, 'subsample': 0.7286175762707361}",98,81,0.2552901849994669
0.9919504609364207,"{'learning_rate': 0.006065560239131073, 'max_depth': 13, 'max_features': 2, 'min_samples_split': 6, 'subsample': 0.5073545129285837}",99,100,0.29650908400071785
0.9413377556935029,"{'learning_rate': 0.08615321043000088, 'max_depth': 17, 'max_features': 5, 'min_samples_split': 2, 'subsample': 0.9510606246373149}",100,14,0.09545385399542283
0.9716766675026263,"{'learning_rate': 0.0518901261105735, 'max_depth': 15, 'max_features': 1, 'min_samples_split': 5, 'subsample': 0.8810476755703226}",101,19,0.09400371499941684
0.9383160282610064,"{'learning_rate': 0.11960659170791238, 'max_depth': 10, 'max_features': 4, 'min_samples_split': 4, 'subsample': 0.9033398520325023}",102,15,0.09570684500067728
0.9987053780086573,"{'learning_rate': 0.0019497882106914337, 'max_depth': 6, 'max_features': 3, 'min_samples_split': 5, 'subsample': 0.9690227170673529}",103,100,0.32738674899883335
0.9748733219254875,"{'learning_rate': 0.14765877324673693, 'max_depth': 4, 'max_features': 2, 'min_samples_split': 2, 'subsample': 0.7716274522364617}",104,12,0.0723692769970512
0.9476897262378853,"{'learning_rate': 0.09831341981655604, 'max_depth': 18, 'max_features': 3, 'min_samples_split': 6, 'subsample': 0.9754938610131654}",105,24,0.09811549900041427
0.9665905379392674,"{'learning_rate': 0.03668371327849607, 'max_depth': 12, 'max_features': 1, 'min_samples_split': 4, 'subsample': 0.9295823468663439}",106,16,0.1351698709986522
0.9601162245761187,"{'learning_rate': 0.016172878883650148, 'max_depth': 7, 'max_features': 5, 'min_samples_split': 3, 'subsample': 0.9808612499314022}",107,83,0.25364806299330667
0.9990527422430971,"{'learning_rate': 0.04226643745239025, 'max_depth': 2, 'max_features': 4, 'min_samples_split': 5, 'subsample': 0.9977918103315082}",108,20,0.06083089300227584
0.941018667945631,"{'learning_rate': 0.172485627755584, 'max_depth': 21, 'max_features': 2, 'min_samples_split': 6, 'subsample': 0.9955982948675436}",109,7,0.0672015630043461
0.9608243600401309,"{'learning_rate': 0.027456497039144667, 'max_depth': 11, 'max_features': 3, 'min_samples_split': 5, 'subsample': 0.9409666780152882}",110,64,0.18175619899557205
0.9370943477967904,"{'learning_rate': 0.07020845898029292, 'max_depth': 9, 'max_features': 2, 'min_samples_split': 6, 'subsample': 0.8117859032060678}",111,42,0.11518323000200326
0.9348268438893351,"{'learning_rate': 0.13373175110381788, 'max_depth': 16, 'max_features': 4, 'min_samples_split': 4, 'subsample': 0.9932130800906771}",112,6,0.0829769660049351
0.9250951128183375,"{'learning_rate': 0.19331876556810412, 'max_depth': 5, 'max_features': 5, 'min_samples_split': 5, 'subsample': 0.9854907934122835}",113,21,0.08031190700421575
0.9821947097536523,"{'learning_rate': 0.06010022484807038, 'max_depth': 8, 'max_features': 1, 'min_samples_split': 6, 'subsample': 0.9896623174932371}",114,31,0.08494184400478844
0.9683556200562412,"{'learning_rate': 0.15766310186535262, 'max_depth': 3, 'max_features': 3, 'min_samples_split': 4, 'subsample': 0.9488518495928769}",115,18,0.0645661519956775
0.990383407892473,"{'learning_rate': 0.008996983267686416, 'max_depth': 20, 'max_features': 4, 'min_samples_split': 3, 'subsample': 0.9911953629961506}",116,97,0.24111647700192407
0.9477050975033173,"{'learning_rate': 0.0978137488955079, 'max_depth': 11, 'max_features': 2, 'min_samples_split': 5, 'subsample': 0.9229952346769965}",117,18,0.07583543400687631
0.9840899347667825,"{'learning_rate': 0.010813944237572284, 'max_depth': 14, 'max_features': 6, 'min_samples_split': 6, 'subsample': 0.8549278761039539}",118,93,0.24344628299877513
0.961579040201479,"{'learning_rate': 0.08024334891685715, 'max_depth': 15, 'max_features': 1, 'min_samples_split': 3, 'subsample': 0.9572939294339989}",119,14,0.08070723599666962
0.9567623605537853,"{'learning_rate': 0.12494571017451318, 'max_depth': 7, 'max_features': 3, 'min_samples_split': 4, 'subsample': 0.9000770048778645}",120,19,0.0724419609978213
0.9633431975491212,"{'learning_rate': 0.06350072398768163, 'max_depth': 6, 'max_features': 5, 'min_samples_split': 5, 'subsample': 0.9725437909076615}",121,27,0.1124250220018439
0.9994601617273051,"{'learning_rate': 0.00122851116025456, 'max_depth': 12, 'max_features': 4, 'min_samples_split': 6, 'subsample': 0.5963747332544714}",122,100,0.36830803100019693
0.9972706628145857,"{'learning_rate': 0.004527761659824575, 'max_depth': 10, 'max_features': 2, 'min_samples_split': 4, 'subsample': 0.7327398792855013}",123,100,0.2843856390027213
0.9522401882597846,"{'learning_rate': 0.04942960728483429, 'max_depth': 17, 'max_features': 3, 'min_samples_split': 5, 'subsample': 0.8725106449257612}",124,27,0.13108609499613522
0.9625706499909163,"{'learning_rate': 0.10595736209708545, 'max_depth': 16, 'max_features': 2, 'min_samples_split': 4, 'subsample': 0.9661154201528663}",125,49,0.09613352500309702
0.9023321631363199,"{'learning_rate': 0.18146103694872134, 'max_depth': 13, 'max_features': 4, 'min_samples_split': 2, 'subsample': 0.9134201845670344}",126,11,0.13811812800122425
0.9200676330773656,"{'learning_rate': 0.19736160271242442, 'max_depth': 13, 'max_features': 6, 'min_samples_split': 6, 'subsample': 0.9962446988712512}",127,8,0.07629417700081831
0.9419100447201468,"{'learning_rate': 0.05333148718234936, 'max_depth': 13, 'max_features': 3, 'min_samples_split': 2, 'subsample': 0.8240620118093485}",128,77,0.15176737099682214
0.9539747835147843,"{'learning_rate': 0.14294774511277236, 'max_depth': 10, 'max_features': 1, 'min_samples_split': 2, 'subsample': 0.7023881281130345}",129,6,0.05903831600153353
0.9452125260336288,"{'learning_rate': 0.08481463861047427, 'max_depth': 11, 'max_features': 5, 'min_samples_split': 2, 'subsample': 0.9950741241455284}",130,18,0.08577410499856342
0.9625745640263996,"{'learning_rate': 0.042801583991230116, 'max_depth': 14, 'max_features': 4, 'min_samples_split': 6, 'subsample': 0.9143204907249818}",131,79,0.19794203600031324
0.9814638208496276,"{'learning_rate': 0.020452641119691493, 'max_depth': 9, 'max_features': 1, 'min_samples_split': 2, 'subsample': 0.9886265152453385}",132,62,0.14463224499922944
0.9352732760341805,"{'learning_rate': 0.1752871373728712, 'max_depth': 13, 'max_features': 3, 'min_samples_split': 6, 'subsample': 0.9988118321655953}",133,10,0.07292597799823852
0.9941529551218322,"{'learning_rate': 0.006308724863370289, 'max_depth': 12, 'max_features': 4, 'min_samples_split': 3, 'subsample': 0.8461234578119237}",134,84,0.22595791400090093
0.9691183878300632,"{'learning_rate': 0.025230723913148883, 'max_depth': 11, 'max_features': 2, 'min_samples_split': 5, 'subsample': 0.7896005585660686}",135,42,0.1648879010026576
0.9920573679956792,"{'learning_rate': 0.0038679633507228985, 'max_depth': 8, 'max_features': 9, 'min_samples_split': 6, 'subsample': 0.9985173042890821}",136,100,0.432328024005983
0.9913237040837379,"{'learning_rate': 0.017005511540388443, 'max_depth': 14, 'max_features': 2, 'min_samples_split': 5, 'subsample': 0.6393630762004242}",137,35,0.12984083300398197
0.9497519902196472,"{'learning_rate': 0.07626789509533251, 'max_depth': 15, 'max_features': 3, 'min_samples_split': 2, 'subsample': 0.8937701018068818}",138,13,0.08831119199749082
0.9505703635214847,"{'learning_rate': 0.03369026238628565, 'max_depth': 9, 'max_features': 5, 'min_samples_split': 6, 'subsample': 0.9814051772877929}",139,95,0.2197646260028705
0.9727581234666158,"{'learning_rate': 0.11657774423447692, 'max_depth': 18, 'max_features': 8, 'min_samples_split': 6, 'subsample': 0.5413142283691812}",140,13,0.06626994300313527
0.9889935315881867,"{'learning_rate': 0.014110225027759079, 'max_depth': 12, 'max_features': 1, 'min_samples_split': 5, 'subsample': 0.9774358283897085}",141,39,0.13137481900048442
0.9529608003416647,"{'learning_rate': 0.09315047277891507, 'max_depth': 10, 'max_features': 6, 'min_samples_split': 2, 'subsample': 0.9970247077950365}",142,21,0.09564491499622818
0.9534088599282452,"{'learning_rate': 0.1602432353954977, 'max_depth': 13, 'max_features': 3, 'min_samples_split': 6, 'subsample': 0.9980262021380532}",143,6,0.06995745000313036
0.9249865353946161,"{'learning_rate': 0.1999248121736705, 'max_depth': 14, 'max_features': 4, 'min_samples_split': 5, 'subsample': 0.9698842260523449}",144,6,0.0613030489985249
0.9800341146799845,"{'learning_rate': 0.06789280795718908, 'max_depth': 6, 'max_features': 2, 'min_samples_split': 3, 'subsample': 0.9288882729725287}",145,14,0.07609812200098531
0.9398183095266476,"{'learning_rate': 0.131268675490915, 'max_depth': 19, 'max_features': 4, 'min_samples_split': 4, 'subsample': 0.9595530891047603}",146,12,0.0777370469950256
0.9519918393332222,"{'learning_rate': 0.1763347700468666, 'max_depth': 17, 'max_features': 5, 'min_samples_split': 3, 'subsample': 0.946439803113283}",147,7,0.062139491994457785
0.9214931306500158,"{'learning_rate': 0.14683518592701925, 'max_depth': 15, 'max_features': 3, 'min_samples_split': 3, 'subsample': 0.9389136140678621}",148,20,0.09018956000363687
0.9413955711258947,"{'learning_rate': 0.10950073653170521, 'max_depth': 16, 'max_features': 4, 'min_samples_split': 4, 'subsample': 0.9114233530493252}",149,13,0.09935249800037127
0.9493734666329424,"{'learning_rate': 0.11968631599385207, 'max_depth': 4, 'max_features': 5, 'min_samples_split': 4, 'subsample': 0.9642517758213912}",150,15,0.08159035599965136
0.9487797137530765,"{'learning_rate': 0.1577871438021717, 'max_depth': 18, 'max_features': 4, 'min_samples_split': 3, 'subsample': 0.9535835270718146}",151,9,0.06552622000162955
0.9565442731362761,"{'learning_rate': 0.10108108744704444, 'max_depth': 12, 'max_features': 4, 'min_samples_split': 5, 'subsample': 0.864342277153521}",152,11,0.06841751199681312
0.9967395410600266,"{'learning_rate': 0.002569294297699919, 'max_depth': 20, 'max_features': 3, 'min_samples_split': 4, 'subsample': 0.8851939364581904}",153,85,0.36712041700229747
0.9251266356608839,"{'learning_rate': 0.1882678459632049, 'max_depth': 19, 'max_features': 5, 'min_samples_split': 3, 'subsample': 0.9217496918510022}",154,7,0.07276563099730993
0.9623615325398353,"{'learning_rate': 0.08691853924382738, 'max_depth': 7, 'max_features': 3, 'min_samples_split': 4, 'subsample': 0.9337627440860335}",155,27,0.07910699800413568
0.942049047301015,"{'learning_rate': 0.1341692918980709, 'max_depth': 21, 'max_features': 4, 'min_samples_split': 5, 'subsample': 0.9054945059187214}",156,36,0.08849874999577878
0.9785894870516952,"{'learning_rate': 0.05974165734569767, 'max_depth': 5, 'max_features': 3, 'min_samples_split': 4, 'subsample': 0.9458011707833851}",157,25,0.08919643099943642
0.9444589980579946,"{'learning_rate': 0.07906864738644671, 'max_depth': 8, 'max_features': 5, 'min_samples_split': 3, 'subsample': 0.7791235731531573}",158,69,0.12191068800166249
0.9629543368250785,"{'learning_rate': 0.03928154951406913, 'max_depth': 11, 'max_features': 4, 'min_samples_split': 5, 'subsample': 0.8413186225638019}",159,35,0.1189725990043371
0.9378398703336446,"{'learning_rate': 0.16702878838594276, 'max_depth': 16, 'max_features': 2, 'min_samples_split': 4, 'subsample': 0.9832911640196726}",160,10,0.06751024899858749
0.9088562579099425,"{'learning_rate': 0.19980321120914674, 'max_depth': 15, 'max_features': 6, 'min_samples_split': 2, 'subsample': 0.9733686114805521}",161,30,0.09540860199922463
0.946703289741162,"{'learning_rate': 0.19697993333314018, 'max_depth': 13, 'max_features': 7, 'min_samples_split': 2, 'subsample': 0.9873578196451103}",162,41,0.10200342000462115
0.9757162670540493,"{'learning_rate': 0.046554458727590335, 'max_depth': 15, 'max_features': 6, 'min_samples_split': 2, 'subsample': 0.9912895079662878}",163,19,0.11681717100145761
0.9594019275944035,"{'learning_rate': 0.12027322828936146, 'max_depth': 14, 'max_features': 7, 'min_samples_split': 2, 'subsample': 0.9618384084841032}",164,9,0.06983705799939344
0.9191868770999504,"{'learning_rate': 0.19996105795669572, 'max_depth': 10, 'max_features': 6, 'min_samples_split': 2, 'subsample': 0.9930569152493469}",165,7,0.07777159699617187
0.941554927509064,"{'learning_rate': 0.1450104654900335, 'max_depth': 15, 'max_features': 6, 'min_samples_split': 2, 'subsample': 0.9750453793319013}",166,20,0.0970404029940255
0.9466772650807956,"{'learning_rate': 0.09303200644222986, 'max_depth': 14, 'max_features': 7, 'min_samples_split': 2, 'subsample': 0.9936187635357875}",167,11,0.09079118199588265
0.9457492112948831,"{'learning_rate': 0.06819434195240888, 'max_depth': 12, 'max_features': 8, 'min_samples_split': 2, 'subsample': 0.9844195202771668}",168,37,0.13785792199632851
0.9667121893016521,"{'learning_rate': 0.029939255182800203, 'max_depth': 13, 'max_features': 6, 'min_samples_split': 2, 'subsample': 0.9709111757551427}",169,35,0.15725236300204415
0.9539245367239426,"{'learning_rate': 0.10563733343713234, 'max_depth': 16, 'max_features': 7, 'min_samples_split': 2, 'subsample': 0.9870873153384336}",170,15,0.089346991997445
0.9979629918215265,"{'learning_rate': 0.0016133260433758756, 'max_depth': 15, 'max_features': 7, 'min_samples_split': 2, 'subsample': 0.9792989015958925}",171,100,0.5014871330058668
0.9446700841191528,"{'learning_rate': 0.1801613074013506, 'max_depth': 12, 'max_features': 6, 'min_samples_split': 2, 'subsample': 0.9973951793749741}",172,6,0.07118916600302327
0.9698113393772841,"{'learning_rate': 0.05455408774999683, 'max_depth': 17, 'max_features': 8, 'min_samples_split': 2, 'subsample': 0.9549957068483408}",173,32,0.12273834699590225
0.9200035279899116,"{'learning_rate': 0.1329206614971379, 'max_depth': 9, 'max_features': 5, 'min_samples_split': 2, 'subsample': 0.9668757386084189}",174,25,0.09195999399526045
0.9461788492911689,"{'learning_rate': 0.07380317196908585, 'max_depth': 14, 'max_features': 6, 'min_samples_split': 3, 'subsample': 0.7005616297246668}",175,21,0.09585847700509476
0.9948337906730155,"{'learning_rate': 0.005289544489750658, 'max_depth': 11, 'max_features': 1, 'min_samples_split': 6, 'subsample': 0.9924178153284162}",176,100,0.2921494289985276
0.9131612346330643,"{'learning_rate': 0.14993150765068072, 'max_depth': 17, 'max_features': 2, 'min_samples_split': 2, 'subsample': 0.9906413146875273}",177,9,0.10707847100275103
0.9341580784981764,"{'learning_rate': 0.0881921848662123, 'max_depth': 13, 'max_features': 5, 'min_samples_split': 3, 'subsample': 0.9816288550165879}",178,12,0.08950137299689231
0.9427025299641777,"{'learning_rate': 0.1150606039927917, 'max_depth': 11, 'max_features': 2, 'min_samples_split': 6, 'subsample': 0.8776322151210028}",179,18,0.06712258700281382
0.9431894963465149,"{'learning_rate': 0.16898650943942609, 'max_depth': 10, 'max_features': 3, 'min_samples_split': 2, 'subsample': 0.806715763882741}",180,8,0.06958582699735416
0.9806118331676303,"{'learning_rate': 0.012816148912224169, 'max_depth': 16, 'max_features': 4, 'min_samples_split': 6, 'subsample': 0.7426467121278878}",181,64,0.22712677699746564
0.9758648453533304,"{'learning_rate': 0.09895578016485228, 'max_depth': 12, 'max_features': 1, 'min_samples_split': 5, 'subsample': 0.926837156192374}",182,16,0.06653019999794196
0.9536227140230884,"{'learning_rate': 0.06053801414436109, 'max_depth': 9, 'max_features': 7, 'min_samples_split': 3, 'subsample': 0.975167530149614}",183,20,0.11119411599793239
0.9408681611865872,"{'learning_rate': 0.12767263821298483, 'max_depth': 13, 'max_features': 5, 'min_samples_split': 2, 'subsample': 0.9989802519919718}",184,20,0.0794200720047229
0.9504675102023612,"{'learning_rate': 0.03530849711174093, 'max_depth': 14, 'max_features': 9, 'min_samples_split': 6, 'subsample': 0.9893340730920946}",185,36,0.224640016000194
0.9993425117789454,"{'learning_rate': 0.010045063586718294, 'max_depth': 1, 'max_features': 3, 'min_samples_split': 5, 'subsample': 0.9945135573119398}",186,94,0.16292295700259274
0.9069284293503312,"{'learning_rate': 0.18645288680401703, 'max_depth': 18, 'max_features': 6, 'min_samples_split': 3, 'subsample': 0.89624985456695}",187,7,0.0648062089967425
0.9759071346145428,"{'learning_rate': 0.08021414225282515, 'max_depth': 6, 'max_features': 2, 'min_samples_split': 3, 'subsample': 0.8538804568055391}",188,15,0.08881222200579941
0.9941050487333878,"{'learning_rate': 0.025661555591987097, 'max_depth': 18, 'max_features': 4, 'min_samples_split': 3, 'subsample': 0.5845233794344671}",189,24,0.0850186739990022
0.9716612599807932,"{'learning_rate': 0.04932613055641348, 'max_depth': 20, 'max_features': 3, 'min_samples_split': 3, 'subsample': 0.9173240770292537}",190,17,0.09506077399419155
0.9300990020572464,"{'learning_rate': 0.14130435738235014, 'max_depth': 8, 'max_features': 5, 'min_samples_split': 3, 'subsample': 0.8963452809499469}",191,6,0.0870877859997563
0.9608413595627376,"{'learning_rate': 0.15695529018859442, 'max_depth': 7, 'max_features': 2, 'min_samples_split': 3, 'subsample': 0.7634720348899167}",192,14,0.06866679700033274
0.9998965119666506,"{'learning_rate': 0.008601025686237447, 'max_depth': 3, 'max_features': 1, 'min_samples_split': 3, 'subsample': 0.6552595903394374}",193,30,0.08673735400225269
0.9970023990415616,"{'learning_rate': 0.007033137400804353, 'max_depth': 4, 'max_features': 8, 'min_samples_split': 3, 'subsample': 0.8285959380093129}",194,100,0.1917125190011575
0.9751089650786967,"{'learning_rate': 0.1990179748852511, 'max_depth': 2, 'max_features': 6, 'min_samples_split': 4, 'subsample': 0.8691449399160216}",195,20,0.07104726999386912
0.9463659531569892,"{'learning_rate': 0.10992932532004017, 'max_depth': 19, 'max_features': 4, 'min_samples_split': 6, 'subsample': 0.9089031590369326}",196,12,0.07257638900046004
0.9733857096588506,"{'learning_rate': 0.0640513485856039, 'max_depth': 5, 'max_features': 5, 'min_samples_split': 5, 'subsample': 0.7924975892495487}",197,80,0.1358536239931709
0.9211215125438312,"{'learning_rate': 0.17851157818808475, 'max_depth': 18, 'max_features': 3, 'min_samples_split': 4, 'subsample': 0.996653193940826}",198,14,0.07186811300198315
0.9647783263156348,"{'learning_rate': 0.043335965037487136, 'max_depth': 10, 'max_features': 2, 'min_samples_split': 3, 'subsample': 0.9359161600748681}",199,25,0.11676732100022491
0.9650920580679884,"{'learning_rate': 0.09444756112773349, 'max_depth': 17, 'max_features': 1, 'min_samples_split': 6, 'subsample': 0.9499734966239862}",200,16,0.07515815899387235
0.9876008019851943,"{'learning_rate': 0.017774924729328512, 'max_depth': 8, 'max_features': 4, 'min_samples_split': 5, 'subsample': 0.8934249023969074}",201,45,0.14455481799814152
0.9988308233046166,"{'learning_rate': 0.002112454519794844, 'max_depth': 6, 'max_features': 3, 'min_samples_split': 5, 'subsample': 0.7049435195010966}",202,100,0.25077119899651734
0.9697162264565714,"{'learning_rate': 0.07402055099443326, 'max_depth': 21, 'max_features': 6, 'min_samples_split': 4, 'subsample': 0.9427521088831617}",203,39,0.10273416199925123
0.9988223663817325,"{'learning_rate': 0.0013579668425447813, 'max_depth': 11, 'max_features': 5, 'min_samples_split': 3, 'subsample': 0.8321101218846332}",204,100,0.4609278079951764
0.9401404359946456,"{'learning_rate': 0.12329387354244165, 'max_depth': 9, 'max_features': 4, 'min_samples_split': 6, 'subsample': 0.959564473760655}",205,18,0.10886559600476176
0.9964749082165792,"{'learning_rate': 0.14140715579319627, 'max_depth': 1, 'max_features': 2, 'min_samples_split': 3, 'subsample': 0.998520461857524}",206,26,0.06604743599746143
0.9340522710817439,"{'learning_rate': 0.1676994787584747, 'max_depth': 10, 'max_features': 7, 'min_samples_split': 2, 'subsample': 0.5321587952370452}",207,8,0.06854754000232788
0.9527438870199914,"{'learning_rate': 0.10350458797001155, 'max_depth': 5, 'max_features': 3, 'min_samples_split': 4, 'subsample': 0.9189411522978445}",208,37,0.1129445249971468
0.9675493479372835,"{'learning_rate': 0.08566969219879499, 'max_depth': 16, 'max_features': 1, 'min_samples_split': 6, 'subsample': 0.8789292371649322}",209,13,0.07099968400143553
0.9600744417737288,"{'learning_rate': 0.0674459535539114, 'max_depth': 7, 'max_features': 5, 'min_samples_split': 4, 'subsample': 0.8559987049212354}",210,37,0.09530806600378128
0.9366736644440663,"{'learning_rate': 0.18219557148087343, 'max_depth': 20, 'max_features': 4, 'min_samples_split': 5, 'subsample': 0.9342365516831317}",211,10,0.08212649900087854
0.940713988874776,"{'learning_rate': 0.054499684319343, 'max_depth': 13, 'max_features': 3, 'min_samples_split': 2, 'subsample': 0.9532734006385344}",212,53,0.1287096529995324
0.9919603524450497,"{'learning_rate': 0.004139039952016878, 'max_depth': 18, 'max_features': 1, 'min_samples_split': 3, 'subsample': 0.8129354902038992}",213,100,0.3427673370024422
0.9960388933535991,"{'learning_rate': 0.003179590669365756, 'max_depth': 12, 'max_features': 2, 'min_samples_split': 5, 'subsample': 0.7624605503147506}",214,100,0.30703593399812235
0.9708226472165589,"{'learning_rate': 0.020601860971372125, 'max_depth': 8, 'max_features': 6, 'min_samples_split': 5, 'subsample': 0.9957660216219552}",215,100,0.26453833500272594
0.9715343901436233,"{'learning_rate': 0.02902760901193054, 'max_depth': 11, 'max_features': 3, 'min_samples_split': 2, 'subsample': 0.9987862176845169}",216,34,0.14689577899844153
0.9260698208160357,"{'learning_rate': 0.11139583166200133, 'max_depth': 17, 'max_features': 5, 'min_samples_split': 6, 'subsample': 0.9977450505346838}",217,13,0.0999561700009508
0.9416977446413499,"{'learning_rate': 0.039463664039310536, 'max_depth': 15, 'max_features': 6, 'min_samples_split': 4, 'subsample': 0.8979857094581762}",218,30,0.17819451200193726
0.9481050414751518,"{'learning_rate': 0.15710739771249005, 'max_depth': 21, 'max_features': 7, 'min_samples_split': 6, 'subsample': 0.9982058287423812}",219,6,0.07222974100295687
0.9270434115754329,"{'learning_rate': 0.12533598337390642, 'max_depth': 9, 'max_features': 4, 'min_samples_split': 3, 'subsample': 0.9660057670444974}",220,9,0.07308393400307978
0.9466150118049841,"{'learning_rate': 0.08017638650699659, 'max_depth': 19, 'max_features': 2, 'min_samples_split': 2, 'subsample': 0.926389343796858}",221,16,0.08502522499475162
0.9216943555495228,"{'learning_rate': 0.19432877198304543, 'max_depth': 16, 'max_features': 5, 'min_samples_split': 4, 'subsample': 0.9462658416973542}",222,10,0.06415348899463424
0.9328157386040623,"{'learning_rate': 0.13541539989013707, 'max_depth': 14, 'max_features': 3, 'min_samples_split': 3, 'subsample': 0.8821445329423818}",223,6,0.06926288300019223
0.973644188469545,"{'learning_rate': 0.02392388613112773, 'max_depth': 12, 'max_features': 4, 'min_samples_split': 5, 'subsample': 0.8594211503479817}",224,31,0.14555980099976296
0.9813314236681692,"{'learning_rate': 0.09464939116021036, 'max_depth': 7, 'max_features': 1, 'min_samples_split': 6, 'subsample': 0.6274414737806627}",225,25,0.07904600600159029
0.9701553907544398,"{'learning_rate': 0.05971200730206842, 'max_depth': 15, 'max_features': 8, 'min_samples_split': 5, 'subsample': 0.7303209324379816}",226,45,0.12798155799828237
0.9990979844865094,"{'learning_rate': 0.002410918470821138, 'max_depth': 10, 'max_features': 3, 'min_samples_split': 2, 'subsample': 0.7990640350885283}",227,93,0.1922402560012415
0.9949813937558389,"{'learning_rate': 0.015518445671329012, 'max_depth': 4, 'max_features': 2, 'min_samples_split': 3, 'subsample': 0.9852403373485671}",228,37,0.1731834180027363
0.9603575144031944,"{'learning_rate': 0.051237947247588844, 'max_depth': 20, 'max_features': 9, 'min_samples_split': 4, 'subsample': 0.9100958199412391}",229,36,0.1435239080019528
0.9701683922228448,"{'learning_rate': 0.011359047399945464, 'max_depth': 8, 'max_features': 7, 'min_samples_split': 2, 'subsample': 0.94043629724248}",230,100,0.28571588799968595
0.9359722676361241,"{'learning_rate': 0.15473020323365236, 'max_depth': 11, 'max_features': 5, 'min_samples_split': 5, 'subsample': 0.9792094925439158}",231,7,0.08010785400256282
0.9993551144348177,"{'learning_rate': 0.0010255140507660486, 'max_depth': 14, 'max_features': 4, 'min_samples_split': 6, 'subsample': 0.9576028620459551}",232,100,0.4304722640008549
0.9711510768338898,"{'learning_rate': 0.07140012923875025, 'max_depth': 19, 'max_features': 3, 'min_samples_split': 3, 'subsample': 0.9710907737657813}",233,13,0.08828509900195058
0.9514413707704513,"{'learning_rate': 0.19759009203387184, 'max_depth': 13, 'max_features': 2, 'min_samples_split': 6, 'subsample': 0.8267896048542529}",234,6,0.059180188000027556
0.9891092691873122,"{'learning_rate': 0.03267676978237669, 'max_depth': 3, 'max_features': 6, 'min_samples_split': 4, 'subsample': 0.6849646148950724}",235,42,0.1266148219947354
0.9687596363292518,"{'learning_rate': 0.11816954532602092, 'max_depth': 6, 'max_features': 3, 'min_samples_split': 2, 'subsample': 0.963706466972343}",236,29,0.07408017900161212
0.9774023394757626,"{'learning_rate': 0.04504606461772391, 'max_depth': 5, 'max_features': 4, 'min_samples_split': 5, 'subsample': 0.9313321175912398}",237,32,0.09826854099810589
0.95421727326273,"{'learning_rate': 0.1427351797839606, 'max_depth': 9, 'max_features': 1, 'min_samples_split': 6, 'subsample': 0.8411386343418401}",238,13,0.07102478900196729
0.9382633464244758,"{'learning_rate': 0.10474965353968854, 'max_depth': 12, 'max_features': 6, 'min_samples_split': 3, 'subsample': 0.9042823838772964}",239,14,0.07974900800036266
0.9870260500942345,"{'learning_rate': 0.17730222011706656, 'max_depth': 2, 'max_features': 2, 'min_samples_split': 2, 'subsample': 0.95114620003102}",240,30,0.08262930999626406
0.9478967591472376,"{'learning_rate': 0.08616841178237514, 'max_depth': 17, 'max_features': 5, 'min_samples_split': 4, 'subsample': 0.9223787547876712}",241,14,0.08681058000365738
0.9327703526568847,"{'learning_rate': 0.19940324355750152, 'max_depth': 11, 'max_features': 2, 'min_samples_split': 5, 'subsample': 0.9965940247050769}",242,6,0.059262770002533216
0.911896593133816,"{'learning_rate': 0.16962319562052317, 'max_depth': 10, 'max_features': 4, 'min_samples_split': 4, 'subsample': 0.9765610459281201}",243,9,0.07180413699825294
0.9876412919966139,"{'learning_rate': 0.0369004648641142, 'max_depth': 14, 'max_features': 3, 'min_samples_split': 2, 'subsample': 0.9950643769320466}",244,21,0.08888139699411113
0.9527974293786725,"{'learning_rate': 0.12485473247394195, 'max_depth': 18, 'max_features': 7, 'min_samples_split': 3, 'subsample': 0.7729301625308297}",245,11,0.08721595499810064
0.9728625458090805,"{'learning_rate': 0.09959910769725691, 'max_depth': 17, 'max_features': 4, 'min_samples_split': 6, 'subsample': 0.8728041546700596}",246,23,0.07713419799983967
0.9826473239308271,"{'learning_rate': 0.013121303098380799, 'max_depth': 15, 'max_features': 8, 'min_samples_split': 3, 'subsample': 0.8895702722195061}",247,47,0.23233448400424095
0.950881051741539,"{'learning_rate': 0.07108386587458229, 'max_depth': 9, 'max_features': 5, 'min_samples_split': 5, 'subsample': 0.5252097591214651}",248,35,0.13423549200524576
0.9991711892448777,"{'learning_rate': 0.001893171626282609, 'max_depth': 13, 'max_features': 1, 'min_samples_split': 6, 'subsample': 0.6130120869264075}",249,96,0.22068349099572515
0.9591836041144686,"{'learning_rate': 0.05540708639550701, 'max_depth': 6, 'max_features': 6, 'min_samples_split': 2, 'subsample': 0.9918104961892373}",250,24,0.10165628399408888
0.9339068751554578,"{'learning_rate': 0.14332466403034846, 'max_depth': 16, 'max_features': 3, 'min_samples_split': 4, 'subsample': 0.9829303824796275}",251,8,0.08394225600204663
0.9388217686681074,"{'learning_rate': 0.06441088870267278, 'max_depth': 8, 'max_features': 4, 'min_samples_split': 5, 'subsample': 0.9983947342223083}",252,38,0.13447788300254615
0.9802629452080305,"{'learning_rate': 0.11188978315565724, 'max_depth': 4, 'max_features': 2, 'min_samples_split': 3, 'subsample': 0.9688916532134074}",253,16,0.08450769900082378
0.9307244906407146,"{'learning_rate': 0.15772768005487825, 'max_depth': 12, 'max_features': 5, 'min_samples_split': 2, 'subsample': 0.9161689906453463}",254,6,0.06716526599484496
0.9601517398730066,"{'learning_rate': 0.07797383916269997, 'max_depth': 7, 'max_features': 2, 'min_samples_split': 6, 'subsample': 0.9588622195372454}",255,68,0.11586610199447023
0.9517534792906432,"{'learning_rate': 0.09019675257956569, 'max_depth': 16, 'max_features': 1, 'min_samples_split': 5, 'subsample': 0.743297844859621}",256,31,0.09476320500107249
0.9401084343302714,"{'learning_rate': 0.1398008975112392, 'max_depth': 13, 'max_features': 3, 'min_samples_split': 3, 'subsample': 0.9938821971839243}",257,10,0.06718605999776628
0.9071719036395719,"{'learning_rate': 0.18008915464685374, 'max_depth': 15, 'max_features': 6, 'min_samples_split': 2, 'subsample': 0.9718593287764627}",258,12,0.07517920399550349
0.9153283262628706,"{'learning_rate': 0.18813092588237107, 'max_depth': 14, 'max_features': 7, 'min_samples_split': 2, 'subsample': 0.9866792176048493}",259,8,0.07508762100042077
0.9240477357931443,"{'learning_rate': 0.17018158356348353, 'max_depth': 15, 'max_features': 6, 'min_samples_split': 2, 'subsample': 0.9485594433499159}",260,6,0.06532070999674033
0.9270254889265782,"{'learning_rate': 0.19846450337754665, 'max_depth': 15, 'max_features': 6, 'min_samples_split': 2, 'subsample': 0.9413192731885915}",261,9,0.06851159100187942
0.9341628510221273,"{'learning_rate': 0.1298633698076024, 'max_depth': 17, 'max_features': 7, 'min_samples_split': 2, 'subsample': 0.9882392789204308}",262,6,0.06995942199864658
0.9318172080118163,"{'learning_rate': 0.1606491731771568, 'max_depth': 18, 'max_features': 6, 'min_samples_split': 2, 'subsample': 0.9617076743920014}",263,11,0.0838493390037911
0.9580846947871066,"{'learning_rate': 0.11759656248554111, 'max_depth': 14, 'max_features': 6, 'min_samples_split': 2, 'subsample': 0.9728879438462539}",264,10,0.08218179799587233
0.9360857253680899,"{'learning_rate': 0.10424081127295638, 'max_depth': 16, 'max_features': 7, 'min_samples_split': 2, 'subsample': 0.9775797711137165}",265,13,0.09636483500071336
0.925192140303768,"{'learning_rate': 0.1720836170701459, 'max_depth': 19, 'max_features': 6, 'min_samples_split': 2, 'subsample': 0.9802760668923582}",266,7,0.06990986400342081
0.9306915696544664,"{'learning_rate': 0.14759081102736157, 'max_depth': 15, 'max_features': 5, 'min_samples_split': 2, 'subsample': 0.9304622332359808}",267,15,0.07541843500075629
0.934898707628894,"{'learning_rate': 0.13044804894448248, 'max_depth': 14, 'max_features': 7, 'min_samples_split': 2, 'subsample': 0.9895528612292238}",268,20,0.10410799500095891
0.9225164585077222,"{'learning_rate': 0.19584905256611582, 'max_depth': 13, 'max_features': 6, 'min_samples_split': 2, 'subsample': 0.8881909200041543}",269,12,0.07247467099659843
0.9096480862439826,"{'learning_rate': 0.09663349123142553, 'max_depth': 18, 'max_features': 5, 'min_samples_split': 2, 'subsample': 0.9675594483945961}",270,26,0.11753332099760883
0.9404241518123603,"{'learning_rate': 0.0867286087170205, 'max_depth': 12, 'max_features': 7, 'min_samples_split': 2, 'subsample': 0.8554730563717743}",271,33,0.13924998400034383
0.9181162725348123,"{'learning_rate': 0.1995404656542138, 'max_depth': 16, 'max_features': 5, 'min_samples_split': 3, 'subsample': 0.9054727435693675}",272,9,0.06593749500461854
0.9208427570283663,"{'learning_rate': 0.1791429113763597, 'max_depth': 13, 'max_features': 6, 'min_samples_split': 2, 'subsample': 0.9557189297162914}",273,6,0.06556034900131635
0.9365081565233311,"{'learning_rate': 0.11746818636300957, 'max_depth': 12, 'max_features': 6, 'min_samples_split': 3, 'subsample': 0.8159455650914207}",274,32,0.09244523500092328
0.91321279000104,"{'learning_rate': 0.15284557864242146, 'max_depth': 15, 'max_features': 8, 'min_samples_split': 2, 'subsample': 0.9183574124775838}",275,20,0.10587042399856728
0.9667874965563564,"{'learning_rate': 0.07892643333797039, 'max_depth': 19, 'max_features': 5, 'min_samples_split': 3, 'subsample': 0.9959642183519649}",276,13,0.09305982600199059
0.9398920582651218,"{'learning_rate': 0.11052404160400195, 'max_depth': 17, 'max_features': 4, 'min_samples_split': 2, 'subsample': 0.9832987314658}",277,14,0.07515335000061896
0.9453133470778471,"{'learning_rate': 0.13533576201335162, 'max_depth': 11, 'max_features': 7, 'min_samples_split': 2, 'subsample': 0.9634249709026189}",278,6,0.07809713800088502
0.9276515603826571,"{'learning_rate': 0.1995452215119727, 'max_depth': 17, 'max_features': 6, 'min_samples_split': 3, 'subsample': 0.9451398652501832}",279,6,0.08210273399890866
0.959446079011832,"{'learning_rate': 0.04834326777601208, 'max_depth': 14, 'max_features': 5, 'min_samples_split': 2, 'subsample': 0.9389401689688204}",280,24,0.11034330000256887
0.9584613619032596,"{'learning_rate': 0.09514714132180742, 'max_depth': 16, 'max_features': 3, 'min_samples_split': 2, 'subsample': 0.8752533596558592}",281,10,0.07232669299992267
0.9326650033133518,"{'learning_rate': 0.1792937200044343, 'max_depth': 13, 'max_features': 4, 'min_samples_split': 3, 'subsample': 0.8437037491311814}",282,11,0.07062910199601902
0.9368219364432252,"{'learning_rate': 0.15925139710013955, 'max_depth': 20, 'max_features': 5, 'min_samples_split': 4, 'subsample': 0.9907473663078408}",283,6,0.07688535500346916
0.9944560181236822,"{'learning_rate': 0.007824259573914335, 'max_depth': 11, 'max_features': 6, 'min_samples_split': 3, 'subsample': 0.992638879205633}",284,72,0.2025605219969293
0.9518719664306245,"{'learning_rate': 0.06614806823211618, 'max_depth': 18, 'max_features': 4, 'min_samples_split': 2, 'subsample': 0.9970952047525652}",285,15,0.11587264899571892
0.9437315880378876,"{'learning_rate': 0.12357945704541942, 'max_depth': 21, 'max_features': 7, 'min_samples_split': 6, 'subsample': 0.9740651896077894}",286,10,0.08031055699393619
0.9129460779062156,"{'learning_rate': 0.143171529591263, 'max_depth': 14, 'max_features': 3, 'min_samples_split': 2, 'subsample': 0.9006072774175355}",287,14,0.08048126899666386
0.9771679636982618,"{'learning_rate': 0.057912697358877246, 'max_depth': 10, 'max_features': 5, 'min_samples_split': 3, 'subsample': 0.7846488522718646}",288,13,0.09116961499967147
0.9505211880632336,"{'learning_rate': 0.07516330515518022, 'max_depth': 15, 'max_features': 2, 'min_samples_split': 4, 'subsample': 0.9851567122062151}",289,19,0.09406330600177171
0.9440590896664338,"{'learning_rate': 0.10306456626450403, 'max_depth': 12, 'max_features': 3, 'min_samples_split': 5, 'subsample': 0.9311893524740336}",290,27,0.08752359200298088
0.9865882837968922,"{'learning_rate': 0.004984307346993664, 'max_depth': 13, 'max_features': 8, 'min_samples_split': 2, 'subsample': 0.9499485432088058}",291,100,0.48547293100273237
0.9452837063526206,"{'learning_rate': 0.08594552652355224, 'max_depth': 16, 'max_features': 4, 'min_samples_split': 2, 'subsample': 0.9699026695041761}",292,19,0.09250160400551977
0.9309396576336179,"{'learning_rate': 0.18115602488682533, 'max_depth': 17, 'max_features': 7, 'min_samples_split': 6, 'subsample': 0.9214535599518903}",293,12,0.07157312499475665
0.9166153993827639,"{'learning_rate': 0.16134050276239567, 'max_depth': 15, 'max_features': 6, 'min_samples_split': 3, 'subsample': 0.9979253170693824}",294,57,0.15757567599939648
0.9396317862925152,"{'learning_rate': 0.1301446309186941, 'max_depth': 14, 'max_features': 4, 'min_samples_split': 4, 'subsample': 0.7094724087899621}",295,23,0.08427825999388006
0.9500491018753504,"{'learning_rate': 0.19957402883345088, 'max_depth': 16, 'max_features': 2, 'min_samples_split': 5, 'subsample': 0.887848893333947}",296,6,0.06781207799940603
0.9361396510880162,"{'learning_rate': 0.11070475114599608, 'max_depth': 13, 'max_features': 5, 'min_samples_split': 6, 'subsample': 0.9546595522167518}",297,19,0.08457587900193175
0.9413816475765701,"{'learning_rate': 0.14204868098979084, 'max_depth': 11, 'max_features': 3, 'min_samples_split': 3, 'subsample': 0.859500334970426}",298,10,0.0734650380036328
0.9470500131770826,"{'learning_rate': 0.0922026728772154, 'max_depth': 18, 'max_features': 6, 'min_samples_split': 2, 'subsample': 0.9805277997560591}",299,11,0.08624839199910639
0.9844874349199545,"{'learning_rate': 0.006411268455971992, 'max_depth': 12, 'max_features': 1, 'min_samples_split': 2, 'subsample': 0.9111857252506935}",300,79,0.4508990760004963
0.9388116687311086,"{'learning_rate': 0.19921031915845486, 'max_depth': 10, 'max_features': 3, 'min_samples_split': 5, 'subsample': 0.9370216246198219}",301,9,0.06719038000301225
0.9553637129956317,"{'learning_rate': 0.11842746103219552, 'max_depth': 19, 'max_features': 2, 'min_samples_split': 4, 'subsample': 0.6714088905798226}",302,10,0.06880972200451652
0.9194704005039959,"{'learning_rate': 0.16579887967377105, 'max_depth': 14, 'max_features': 9, 'min_samples_split': 3, 'subsample': 0.977121757647323}",303,6,0.10178231099416735
0.9615189624442266,"{'learning_rate': 0.07881292596581124, 'max_depth': 20, 'max_features': 5, 'min_samples_split': 6, 'subsample': 0.9975934115035721}",304,16,0.09335052300593816
0.9694595016421593,"{'learning_rate': 0.021828736842617113, 'max_depth': 15, 'max_features': 4, 'min_samples_split': 2, 'subsample': 0.8979829721212501}",305,43,0.20084581500123022
0.958968858438131,"{'learning_rate': 0.06925136866579398, 'max_depth': 16, 'max_features': 7, 'min_samples_split': 5, 'subsample': 0.8031763295782774}",306,15,0.0996495360013796
0.9599790521700454,"{'learning_rate': 0.04378402895816054, 'max_depth': 12, 'max_features': 6, 'min_samples_split': 3, 'subsample': 0.9638202911998596}",307,28,0.1702623660021345
0.9056137763878527,"{'learning_rate': 0.15406510261730041, 'max_depth': 17, 'max_features': 4, 'min_samples_split': 2, 'subsample': 0.8360657954658957}",308,16,0.0857919510017382
0.9418308203059398,"{'learning_rate': 0.10271909936236666, 'max_depth': 17, 'max_features': 5, 'min_samples_split': 2, 'subsample': 0.5750797841544972}",309,15,0.10517654500290519
0.9702460369145923,"{'learning_rate': 0.06152187338459711, 'max_depth': 18, 'max_features': 5, 'min_samples_split': 2, 'subsample': 0.8335942855041528}",310,35,0.10427718099526828
0.9675109044242236,"{'learning_rate': 0.018654752470440853, 'max_depth': 17, 'max_features': 6, 'min_samples_split': 2, 'subsample': 0.7528779556875635}",311,49,0.2050377319974359
0.9784035093678943,"{'learning_rate': 0.026678034927075784, 'max_depth': 19, 'max_features': 8, 'min_samples_split': 2, 'subsample': 0.8664567817701229}",312,33,0.2045656210029847
0.918595625502723,"{'learning_rate': 0.1531174101318308, 'max_depth': 19, 'max_features': 6, 'min_samples_split': 2, 'subsample': 0.5124425122968755}",313,12,0.08162889399682172
0.9715264783924128,"{'learning_rate': 0.03182797233607106, 'max_depth': 18, 'max_features': 7, 'min_samples_split': 2, 'subsample': 0.6354931037873655}",314,34,0.1646005740039982
0.9898355979261821,"{'learning_rate': 0.009770311711194822, 'max_depth': 16, 'max_features': 5, 'min_samples_split': 2, 'subsample': 0.9945622414325754}",315,61,0.2094745599970338
0.9442229208842337,"{'learning_rate': 0.12519219955556818, 'max_depth': 21, 'max_features': 6, 'min_samples_split': 2, 'subsample': 0.8224191774787525}",316,11,0.09543241600476904
0.986217373784009,"{'learning_rate': 0.055530508800635585, 'max_depth': 15, 'max_features': 5, 'min_samples_split': 2, 'subsample': 0.842524595942812}",317,11,0.08029294799780473
0.9613441841224258,"{'learning_rate': 0.040486065193286284, 'max_depth': 20, 'max_features': 6, 'min_samples_split': 2, 'subsample': 0.7705160180405505}",318,25,0.22691620499972487
0.9511433203863702,"{'learning_rate': 0.0861395811873624, 'max_depth': 17, 'max_features': 5, 'min_samples_split': 2, 'subsample': 0.6921247091418716}",319,32,0.1032218769978499
0.9306084459279723,"{'learning_rate': 0.1829470012300163, 'max_depth': 20, 'max_features': 7, 'min_samples_split': 2, 'subsample': 0.793826657436794}",320,10,0.08823223799845437
0.9987368709026899,"{'learning_rate': 0.0011620128792479653, 'max_depth': 16, 'max_features': 4, 'min_samples_split': 2, 'subsample': 0.9986767320957679}",321,100,0.5412349019970861
0.9388375807793885,"{'learning_rate': 0.13590012443230493, 'max_depth': 14, 'max_features': 6, 'min_samples_split': 3, 'subsample': 0.9954766951723145}",322,10,0.11079940399940824
0.9938599253613078,"{'learning_rate': 0.0028143850336161754, 'max_depth': 18, 'max_features': 5, 'min_samples_split': 2, 'subsample': 0.9885721556343194}",323,100,0.5072803499933798
0.9396931782019071,"{'learning_rate': 0.10079165690819984, 'max_depth': 17, 'max_features': 7, 'min_samples_split': 3, 'subsample': 0.880385684840445}",324,45,0.14431285399768967
0.9665892540643678,"{'learning_rate': 0.050156434027782824, 'max_depth': 15, 'max_features': 4, 'min_samples_split': 2, 'subsample': 0.9989397898750451}",325,23,0.09127931200055173
0.9535572495405267,"{'learning_rate': 0.11579095455058534, 'max_depth': 21, 'max_features': 6, 'min_samples_split': 3, 'subsample': 0.7301906741899609}",326,7,0.08738710400211858
0.9058457243777157,"{'learning_rate': 0.15133102110544863, 'max_depth': 18, 'max_features': 5, 'min_samples_split': 2, 'subsample': 0.9863940590785293}",327,29,0.19556555699819
0.9538354288901015,"{'learning_rate': 0.014986153016408394, 'max_depth': 21, 'max_features': 4, 'min_samples_split': 2, 'subsample': 0.9983637828644873}",328,100,0.3861406310024904
0.9661613686190148,"{'learning_rate': 0.06812693162241588, 'max_depth': 19, 'max_features': 4, 'min_samples_split': 3, 'subsample': 0.9963160640085489}",329,26,0.10501370799465803
0.9933814277753649,"{'learning_rate': 0.0037773558939738134, 'max_depth': 20, 'max_features': 5, 'min_samples_split': 2, 'subsample': 0.9969808975587193}",330,72,0.45058905199402943
0.969826726094342,"{'learning_rate': 0.0762086470346427, 'max_depth': 20, 'max_features': 4, 'min_samples_split': 3, 'subsample': 0.9981533422860979}",331,9,0.08302194199495716
0.9188658614387685,"{'learning_rate': 0.1472765814904835, 'max_depth': 18, 'max_features': 5, 'min_samples_split': 2, 'subsample': 0.997205629838319}",332,27,0.10521038199658506
0.9469564857185179,"{'learning_rate': 0.09266797076746082, 'max_depth': 19, 'max_features': 4, 'min_samples_split': 2, 'subsample': 0.9929416442298425}",333,19,0.0911397579984623
0.9654271807076801,"{'learning_rate': 0.03605355498411211, 'max_depth': 19, 'max_features': 5, 'min_samples_split': 3, 'subsample': 0.9939585134382996}",334,24,0.15947036400029901
0.9310603550228452,"{'learning_rate': 0.19910298297393358, 'max_depth': 18, 'max_features': 4, 'min_samples_split': 2, 'subsample': 0.99121649218606}",335,6,0.07311545300035505
0.9427286802804367,"{'learning_rate': 0.10908899965101408, 'max_depth': 21, 'max_features': 5, 'min_samples_split': 2, 'subsample': 0.9951070019745101}",336,82,0.1491611860037665
0.9554523530395718,"{'learning_rate': 0.08230026473455997, 'max_depth': 20, 'max_features': 4, 'min_samples_split': 3, 'subsample': 0.9922519973766593}",337,16,0.08482809699489735
0.8994874098112488,"{'learning_rate': 0.16203497477776882, 'max_depth': 17, 'max_features': 5, 'min_samples_split': 2, 'subsample': 0.9987862180225077}",338,20,0.09074505599710392
0.9597815225574741,"{'learning_rate': 0.057984937007861524, 'max_depth': 17, 'max_features': 4, 'min_samples_split': 2, 'subsample': 0.9988559866639998}",339,22,0.10282864300097572
0.9727590114657932,"{'learning_rate': 0.04654962599460998, 'max_depth': 16, 'max_features': 5, 'min_samples_split': 2, 'subsample': 0.9987123121821662}",340,12,0.10396833100094227
0.9122101383807512,"{'learning_rate': 0.1286249189140172, 'max_depth': 17, 'max_features': 4, 'min_samples_split': 2, 'subsample': 0.998977696908772}",341,22,0.08495106400368968
0.9612057811457717,"{'learning_rate': 0.0717156533732398, 'max_depth': 19, 'max_features': 5, 'min_samples_split': 2, 'subsample': 0.9979677687970375}",342,10,0.09975736399792368
0.9225156632355129,"{'learning_rate': 0.16343227855953402, 'max_depth': 21, 'max_features': 4, 'min_samples_split': 2, 'subsample': 0.9973892408928586}",343,9,0.0781895890031592
0.969040132908316,"{'learning_rate': 0.06463580669149685, 'max_depth': 17, 'max_features': 4, 'min_samples_split': 2, 'subsample': 0.9985927051606478}",344,25,0.10048305599775631
0.9421229896801981,"{'learning_rate': 0.09210820161382209, 'max_depth': 16, 'max_features': 5, 'min_samples_split': 2, 'subsample': 0.9969164745657454}",345,12,0.11089574899961008
0.9547745173626137,"{'learning_rate': 0.05183085292200817, 'max_depth': 18, 'max_features': 5, 'min_samples_split': 2, 'subsample': 0.998343514354467}",346,19,0.14028968299680855
0.9218157140346857,"{'learning_rate': 0.15189061517973818, 'max_depth': 16, 'max_features': 4, 'min_samples_split': 2, 'subsample': 0.9964973585046829}",347,27,0.10942202700243797
0.933829339231911,"{'learning_rate': 0.11018941136328526, 'max_depth': 13, 'max_features': 4, 'min_samples_split': 2, 'subsample': 0.9977392073102321}",348,13,0.08575882800505497
0.9556464052425937,"{'learning_rate': 0.08122610532370653, 'max_depth': 14, 'max_features': 3, 'min_samples_split': 2, 'subsample': 0.9985310501326354}",349,22,0.08693961099925218
0.9594231949905068,"{'learning_rate': 0.1345767259496106, 'max_depth': 15, 'max_features': 5, 'min_samples_split': 2, 'subsample': 0.9988569621741746}",350,8,0.06960191299731378
0.9571269009518346,"{'learning_rate': 0.09957266736026299, 'max_depth': 18, 'max_features': 4, 'min_samples_split': 2, 'subsample': 0.9989925115794542}",351,21,0.08423191600013524
0.9976476742307182,"{'learning_rate': 0.0017807423235126102, 'max_depth': 19, 'max_features': 3, 'min_samples_split': 2, 'subsample': 0.9980378033532471}",352,100,0.4521879310050281
0.9899124017949015,"{'learning_rate': 0.005697334849799603, 'max_depth': 17, 'max_features': 5, 'min_samples_split': 2, 'subsample': 0.9960641933222323}",353,100,0.3574050969982636
0.9322690350816636,"{'learning_rate': 0.12292281738618618, 'max_depth': 13, 'max_features': 3, 'min_samples_split': 2, 'subsample': 0.9976148353038384}",354,6,0.0876786369990441
0.9064557817471923,"{'learning_rate': 0.19926132985209027, 'max_depth': 15, 'max_features': 5, 'min_samples_split': 2, 'subsample': 0.9957963614451203}",355,7,0.13328443500358844
0.9279104848268972,"{'learning_rate': 0.16888252898384415, 'max_depth': 16, 'max_features': 5, 'min_samples_split': 2, 'subsample': 0.9944185690370324}",356,6,0.062761209999735
0.955976414754736,"{'learning_rate': 0.14529753951329483, 'max_depth': 16, 'max_features': 5, 'min_samples_split': 2, 'subsample': 0.9864135147333128}",357,9,0.07831110100232763
0.9159695121234183,"{'learning_rate': 0.1848310380343065, 'max_depth': 15, 'max_features': 4, 'min_samples_split': 2, 'subsample': 0.9955865085593003}",358,6,0.0774678399975528
0.9740873104372978,"{'learning_rate': 0.03919373497238932, 'max_depth': 18, 'max_features': 5, 'min_samples_split': 2, 'subsample': 0.9938856801075711}",359,19,0.09676035899610724
0.9360880100665537,"{'learning_rate': 0.19651449691783968, 'max_depth': 17, 'max_features': 4, 'min_samples_split': 2, 'subsample': 0.9932561393499603}",360,8,0.06781649099866627
0.9072883353318139,"{'learning_rate': 0.16910066644634306, 'max_depth': 15, 'max_features': 5, 'min_samples_split': 2, 'subsample': 0.9896421179406748}",361,26,0.08475746099429671
0.9976350147001625,"{'learning_rate': 0.0032119903293616604, 'max_depth': 20, 'max_features': 4, 'min_samples_split': 2, 'subsample': 0.9967204378380754}",362,79,0.23154206299659563
0.9398596690221789,"{'learning_rate': 0.11788654635210903, 'max_depth': 14, 'max_features': 5, 'min_samples_split': 2, 'subsample': 0.9950608258254903}",363,17,0.11465035600122064
0.9463113626492285,"{'learning_rate': 0.19945622347293626, 'max_depth': 18, 'max_features': 4, 'min_samples_split': 2, 'subsample': 0.9902635001033272}",364,9,0.11013234499841928
0.9690996395404623,"{'learning_rate': 0.06161218510523877, 'max_depth': 17, 'max_features': 5, 'min_samples_split': 2, 'subsample': 0.9883045983497851}",365,25,0.1028755250008544
0.9351754118133484,"{'learning_rate': 0.10245699634526251, 'max_depth': 19, 'max_features': 5, 'min_samples_split': 2, 'subsample': 0.9840405657264274}",366,25,0.08807480899849907
0.9439430807876917,"{'learning_rate': 0.13191452266714404, 'max_depth': 14, 'max_features': 4, 'min_samples_split': 2, 'subsample': 0.9958005037824182}",367,9,0.0707829800012405
0.9643867474194463,"{'learning_rate': 0.023793439526777878, 'max_depth': 16, 'max_features': 5, 'min_samples_split': 2, 'subsample': 0.9923199697715044}",368,27,0.19498431000101846
0.9554312647933699,"{'learning_rate': 0.028314102987156257, 'max_depth': 17, 'max_features': 4, 'min_samples_split': 2, 'subsample': 0.9810620035168964}",369,34,0.15986403299757512
0.9319866444573364,"{'learning_rate': 0.14907536423205967, 'max_depth': 15, 'max_features': 4, 'min_samples_split': 2, 'subsample': 0.9915058605489054}",370,8,0.08360620900202775
0.9521204905455272,"{'learning_rate': 0.09014069689276155, 'max_depth': 16, 'max_features': 5, 'min_samples_split': 2, 'subsample': 0.9872534106193872}",371,34,0.10111848399537848
0.9395646313233103,"{'learning_rate': 0.16626564517140868, 'max_depth': 18, 'max_features': 5, 'min_samples_split': 2, 'subsample': 0.995091987862951}",372,10,0.08358138999756193
0.9467229849342266,"{'learning_rate': 0.07197664839779856, 'max_depth': 15, 'max_features': 6, 'min_samples_split': 2, 'subsample': 0.9981573817588392}",373,46,0.1293829909991473
0.9351501964332275,"{'learning_rate': 0.11288861333383653, 'max_depth': 19, 'max_features': 4, 'min_samples_split': 2, 'subsample': 0.9849686937406045}",374,10,0.11236757000006037
0.9375446375203438,"{'learning_rate': 0.13386116758568165, 'max_depth': 14, 'max_features': 5, 'min_samples_split': 2, 'subsample': 0.9963284706411021}",375,9,0.0735166360027506
0.9611996513683545,"{'learning_rate': 0.08123333733290612, 'max_depth': 17, 'max_features': 4, 'min_samples_split': 2, 'subsample': 0.9973323302524366}",376,19,0.0844522660045186
0.9248183914688504,"{'learning_rate': 0.19754048519666675, 'max_depth': 18, 'max_features': 5, 'min_samples_split': 2, 'subsample': 0.99320621500004}",377,12,0.06878523799969116
0.9928039005450475,"{'learning_rate': 0.006904293807607924, 'max_depth': 20, 'max_features': 6, 'min_samples_split': 2, 'subsample': 0.9902362482257798}",378,70,0.25867066199862165
0.990676227403394,"{'learning_rate': 0.012153198850957184, 'max_depth': 16, 'max_features': 4, 'min_samples_split': 3, 'subsample': 0.9823162392009809}",379,37,0.16849593000370078
0.9536895526314613,"{'learning_rate': 0.044143502612816105, 'max_depth': 21, 'max_features': 6, 'min_samples_split': 2, 'subsample': 0.9943923317236751}",380,21,0.14025552599923685
0.9346667047479401,"{'learning_rate': 0.15015697411934387, 'max_depth': 13, 'max_features': 5, 'min_samples_split': 2, 'subsample': 0.9978105459809432}",381,6,0.08040327799972147
0.9701583540860625,"{'learning_rate': 0.05563699914046222, 'max_depth': 15, 'max_features': 4, 'min_samples_split': 3, 'subsample': 0.9791228902810407}",382,22,0.10454408999794396
0.9891275571335102,"{'learning_rate': 0.008738006658120526, 'max_depth': 14, 'max_features': 5, 'min_samples_split': 2, 'subsample': 0.9986532867972876}",383,88,0.20016230100009125
0.955950319894923,"{'learning_rate': 0.09329293433919551, 'max_depth': 19, 'max_features': 4, 'min_samples_split': 2, 'subsample': 0.9967709746841672}",384,17,0.1061361219981336
0.9267924485056571,"{'learning_rate': 0.17897130242246997, 'max_depth': 17, 'max_features': 6, 'min_samples_split': 2, 'subsample': 0.9983115091114116}",385,28,0.09206033700320404
0.9212333871000131,"{'learning_rate': 0.12167532312842523, 'max_depth': 16, 'max_features': 5, 'min_samples_split': 3, 'subsample': 0.9918662590712229}",386,21,0.10912991499935742
0.9983049748878788,"{'learning_rate': 0.0015233013944587666, 'max_depth': 13, 'max_features': 3, 'min_samples_split': 2, 'subsample': 0.9878879313587421}",387,100,0.4119666979968315
0.9498005511627646,"{'learning_rate': 0.10805089469027877, 'max_depth': 20, 'max_features': 5, 'min_samples_split': 2, 'subsample': 0.9974024272346151}",388,8,0.0701592260011239
0.9692425634580316,"{'learning_rate': 0.03341153555364608, 'max_depth': 12, 'max_features': 4, 'min_samples_split': 3, 'subsample': 0.9769499154187024}",389,39,0.13497370200639125
0.958820775799324,"{'learning_rate': 0.06624936807606689, 'max_depth': 18, 'max_features': 4, 'min_samples_split': 2, 'subsample': 0.995496448010593}",390,35,0.11302154599979986
0.9907812716116913,"{'learning_rate': 0.0044336276539482505, 'max_depth': 15, 'max_features': 6, 'min_samples_split': 2, 'subsample': 0.9984647537480449}",391,100,0.3824141180011793
0.9415437143505251,"{'learning_rate': 0.16169482475291488, 'max_depth': 19, 'max_features': 5, 'min_samples_split': 3, 'subsample': 0.9856788418484733}",392,9,0.08210318399505923
0.9967731861915142,"{'learning_rate': 0.0023122083066221648, 'max_depth': 16, 'max_features': 3, 'min_samples_split': 2, 'subsample': 0.993861826249271}",393,100,0.34513008200156037
0.9413037574809411,"{'learning_rate': 0.13664185774671928, 'max_depth': 14, 'max_features': 4, 'min_samples_split': 2, 'subsample': 0.578657771814101}",394,10,0.06399438999505946
0.8815790928274678,"{'learning_rate': 0.19780325297362825, 'max_depth': 17, 'max_features': 5, 'min_samples_split': 2, 'subsample': 0.988798802569629}",395,24,0.08094793700001901
0.9484121708855298,"{'learning_rate': 0.04975832058739926, 'max_depth': 21, 'max_features': 6, 'min_samples_split': 3, 'subsample': 0.9665420397886816}",396,55,0.17629482800111873
0.9399222619396975,"{'learning_rate': 0.0852988195765595, 'max_depth': 20, 'max_features': 4, 'min_samples_split': 2, 'subsample': 0.975360693757697}",397,28,0.11509833599848207
0.9730577909216916,"{'learning_rate': 0.010721596561537169, 'max_depth': 21, 'max_features': 3, 'min_samples_split': 2, 'subsample': 0.9828489386844356}",398,78,0.30336236499715596
0.9543266645928391,"{'learning_rate': 0.09952513302598756, 'max_depth': 18, 'max_features': 6, 'min_samples_split': 3, 'subsample': 0.9593804367685538}",399,33,0.10334524800418876
0.9844204838739183,"{'learning_rate': 0.019495311916608818, 'max_depth': 19, 'max_features': 5, 'min_samples_split': 2, 'subsample': 0.9895780507999564}",400,60,0.15863604500191286
0.9641726978287503,"{'learning_rate': 0.07626699430704398, 'max_depth': 17, 'max_features': 4, 'min_samples_split': 2, 'subsample': 0.9746845567243142}",401,13,0.0916087739969953
0.9243624327723526,"{'learning_rate': 0.19664624575168113, 'max_depth': 17, 'max_features': 5, 'min_samples_split': 2, 'subsample': 0.9864034345891158}",402,9,0.10793559600278968
0.9363434889221491,"{'learning_rate': 0.16723118800311731, 'max_depth': 16, 'max_features': 5, 'min_samples_split': 2, 'subsample': 0.9880609433236054}",403,6,0.06927764199645026
0.9386974673714921,"{'learning_rate': 0.15313356463703834, 'max_depth': 18, 'max_features': 5, 'min_samples_split': 2, 'subsample': 0.9913761668030016}",404,16,0.08610892399883596
0.9336172331031181,"{'learning_rate': 0.17946537993063405, 'max_depth': 17, 'max_features': 5, 'min_samples_split': 2, 'subsample': 0.990613843831224}",405,8,0.06399881700053811
0.9044319710166933,"{'learning_rate': 0.12453264328329357, 'max_depth': 16, 'max_features': 5, 'min_samples_split': 2, 'subsample': 0.9839177314180283}",406,33,0.10908591900079045
0.9315999769382811,"{'learning_rate': 0.12308177697392726, 'max_depth': 18, 'max_features': 5, 'min_samples_split': 2, 'subsample': 0.9705733913586744}",407,6,0.1489437190030003
0.9560010020987135,"{'learning_rate': 0.10830861870696228, 'max_depth': 19, 'max_features': 5, 'min_samples_split': 2, 'subsample': 0.9801208593716131}",408,6,0.07352675899892347
0.9417753305558485,"{'learning_rate': 0.1379849697670311, 'max_depth': 17, 'max_features': 4, 'min_samples_split': 2, 'subsample': 0.9840030362818543}",409,14,0.08035343299707165
0.9146059264085915,"{'learning_rate': 0.19866024113749223, 'max_depth': 18, 'max_features': 5, 'min_samples_split': 2, 'subsample': 0.9781594160173763}",410,8,0.0844825390013284
0.9451040123017133,"{'learning_rate': 0.12585259323562734, 'max_depth': 17, 'max_features': 6, 'min_samples_split': 2, 'subsample': 0.9859218627371957}",411,8,0.07643907699821284
0.924654688170053,"{'learning_rate': 0.14450570110446756, 'max_depth': 16, 'max_features': 4, 'min_samples_split': 2, 'subsample': 0.9895726821006532}",412,9,0.11064348299987614
0.9078161735085903,"{'learning_rate': 0.18001379153121583, 'max_depth': 19, 'max_features': 4, 'min_samples_split': 2, 'subsample': 0.9816354795483906}",413,64,0.12510478700278327
0.9445233486285584,"{'learning_rate': 0.09798569582301438, 'max_depth': 20, 'max_features': 5, 'min_samples_split': 2, 'subsample': 0.9886090716143585}",414,17,0.08396803299547173
0.8986806794702926,"{'learning_rate': 0.1529360567206636, 'max_depth': 18, 'max_features': 5, 'min_samples_split': 2, 'subsample': 0.9845121032653934}",415,13,0.10186387599969748
0.9424725255383557,"{'learning_rate': 0.11481539899415433, 'max_depth': 16, 'max_features': 6, 'min_samples_split': 2, 'subsample': 0.9720364081314579}",416,12,0.08764424599939957
0.9241416595503887,"{'learning_rate': 0.16461831360765444, 'max_depth': 18, 'max_features': 5, 'min_samples_split': 2, 'subsample': 0.9671581776707294}",417,14,0.086116423997737
0.9064761764479979,"{'learning_rate': 0.199347598893294, 'max_depth': 19, 'max_features': 4, 'min_samples_split': 2, 'subsample': 0.9836800765735991}",418,7,0.06175697399885394
0.9724192539948878,"{'learning_rate': 0.08746860215485505, 'max_depth': 16, 'max_features': 4, 'min_samples_split': 2, 'subsample': 0.9792667713673494}",419,14,0.07302503400569549
0.912309441471484,"{'learning_rate': 0.13347220038254948, 'max_depth': 15, 'max_features': 5, 'min_samples_split': 2, 'subsample': 0.9763698764762526}",420,10,0.07828971800336149
0.9234193026017177,"{'learning_rate': 0.10684206117012256, 'max_depth': 17, 'max_features': 6, 'min_samples_split': 2, 'subsample': 0.9629866306911654}",421,19,0.0966195449946099
0.9441465768167472,"{'learning_rate': 0.17520932962182728, 'max_depth': 18, 'max_features': 5, 'min_samples_split': 2, 'subsample': 0.9819236266350126}",422,6,0.10018611499981489
0.942390534810624,"{'learning_rate': 0.15420010881078497, 'max_depth': 20, 'max_features': 6, 'min_samples_split': 2, 'subsample': 0.9734789114983656}",423,7,0.06657385900325608
0.9356817773031414,"{'learning_rate': 0.1228136122546885, 'max_depth': 17, 'max_features': 5, 'min_samples_split': 2, 'subsample': 0.9553850584022312}",424,14,0.0792333189965575
0.958634291575803,"{'learning_rate': 0.07542451105411455, 'max_depth': 15, 'max_features': 4, 'min_samples_split': 2, 'subsample': 0.9925932118504633}",425,21,0.10211526000057347
0.8941497085472531,"{'learning_rate': 0.19989534776899096, 'max_depth': 16, 'max_features': 4, 'min_samples_split': 2, 'subsample': 0.984873686560705}",426,6,0.06829356700473
0.9168278930865016,"{'learning_rate': 0.1975812170241395, 'max_depth': 14, 'max_features': 5, 'min_samples_split': 2, 'subsample': 0.9875339890659207}",427,6,0.07281947899900842
0.9225881578425372,"{'learning_rate': 0.18058858326292038, 'max_depth': 16, 'max_features': 6, 'min_samples_split': 2, 'subsample': 0.9848197322512637}",428,11,0.0713105800023186
0.9149744811402116,"{'learning_rate': 0.1665589085865651, 'max_depth': 15, 'max_features': 4, 'min_samples_split': 2, 'subsample': 0.991171975571518}",429,10,0.11854920799669344
0.9330326302162001,"{'learning_rate': 0.14131155736230108, 'max_depth': 14, 'max_features': 5, 'min_samples_split': 2, 'subsample': 0.9894607208551208}",430,22,0.08678057300130604
0.9434128362303417,"{'learning_rate': 0.11614859090149064, 'max_depth': 16, 'max_features': 4, 'min_samples_split': 2, 'subsample': 0.9777884336850837}",431,11,0.09089701199991396
0.949916146230178,"{'learning_rate': 0.09478728687469674, 'max_depth': 13, 'max_features': 5, 'min_samples_split': 2, 'subsample': 0.9839179627655573}",432,45,0.11883392599702347
0.9215330555116805,"{'learning_rate': 0.19812821005171585, 'max_depth': 15, 'max_features': 6, 'min_samples_split': 2, 'subsample': 0.9695916348425503}",433,10,0.06875071700051194
0.9422178455665424,"{'learning_rate': 0.12978392415367462, 'max_depth': 17, 'max_features': 4, 'min_samples_split': 3, 'subsample': 0.9811637224421182}",434,9,0.07289721100096358
0.9282198692835966,"{'learning_rate': 0.18150446801483638, 'max_depth': 16, 'max_features': 5, 'min_samples_split': 2, 'subsample': 0.9869373439069172}",435,8,0.08198708500276553
0.9199752062974353,"{'learning_rate': 0.14666327962803782, 'max_depth': 14, 'max_features': 4, 'min_samples_split': 2, 'subsample': 0.991876757351634}",436,12,0.07988143399416003
0.9545240066891162,"{'learning_rate': 0.10192541287402852, 'max_depth': 19, 'max_features': 3, 'min_samples_split': 3, 'subsample': 0.9902460094033647}",437,31,0.08802760999969905
0.9282559797837865,"{'learning_rate': 0.16227283719483487, 'max_depth': 18, 'max_features': 5, 'min_samples_split': 2, 'subsample': 0.9933593256226103}",438,16,0.0798723970001447
0.9346728531333526,"{'learning_rate': 0.11594244076678582, 'max_depth': 15, 'max_features': 6, 'min_samples_split': 2, 'subsample': 0.9737987394955595}",439,18,0.0828174849957577
0.9602174320813481,"{'learning_rate': 0.06203067240527914, 'max_depth': 14, 'max_features': 6, 'min_samples_split': 2, 'subsample': 0.9886495770056272}",440,21,0.09654950500407722
0.9489837511895448,"{'learning_rate': 0.08269676171851702, 'max_depth': 19, 'max_features': 5, 'min_samples_split': 3, 'subsample': 0.9850945182220698}",441,15,0.10727573400072288
0.905121567646507,"{'learning_rate': 0.1982348291355587, 'max_depth': 17, 'max_features': 4, 'min_samples_split': 2, 'subsample': 0.9781189275243035}",442,10,0.07208093799999915
0.9432330370990423,"{'learning_rate': 0.13237119726009805, 'max_depth': 16, 'max_features': 5, 'min_samples_split': 2, 'subsample': 0.9828530901281037}",443,7,0.0764428600014071
0.9435701019225079,"{'learning_rate': 0.07112891369164842, 'max_depth': 13, 'max_features': 3, 'min_samples_split': 2, 'subsample': 0.9665092573394949}",444,19,0.09717021399410442
0.900438664286798,"{'learning_rate': 0.19975686996515493, 'max_depth': 20, 'max_features': 4, 'min_samples_split': 2, 'subsample': 0.9799852058329802}",445,14,0.08265257899620337
0.9274886962779287,"{'learning_rate': 0.1766454971612234, 'max_depth': 20, 'max_features': 3, 'min_samples_split': 3, 'subsample': 0.9609575718059513}",446,6,0.09020881399919745
0.9079371579908293,"{'learning_rate': 0.1995181235682202, 'max_depth': 20, 'max_features': 3, 'min_samples_split': 2, 'subsample': 0.9716863773450644}",447,6,0.0638209030003054
0.8888689829788159,"{'learning_rate': 0.15417242020239605, 'max_depth': 20, 'max_features': 3, 'min_samples_split': 2, 'subsample': 0.9809768262930402}",448,13,0.0888320699959877
0.9985507045809658,"{'learning_rate': 0.0013220703148704364, 'max_depth': 21, 'max_features': 3, 'min_samples_split': 2, 'subsample': 0.9811986210341872}",449,100,0.4609533730035764
0.9280398234639574,"{'learning_rate': 0.19981940446959273, 'max_depth': 20, 'max_features': 3, 'min_samples_split': 2, 'subsample': 0.9758211089019434}",450,6,0.10536254599719541
0.9243541542743552,"{'learning_rate': 0.14578050548267465, 'max_depth': 20, 'max_features': 3, 'min_samples_split': 2, 'subsample': 0.9875921694753415}",451,11,0.07012365300033707
0.91705440990537,"{'learning_rate': 0.10665068774074549, 'max_depth': 21, 'max_features': 3, 'min_samples_split': 2, 'subsample': 0.9793559523926411}",452,16,0.11065547700127354
0.9539018087096527,"{'learning_rate': 0.09169297269098432, 'max_depth': 21, 'max_features': 3, 'min_samples_split': 3, 'subsample': 0.9859763058536063}",453,10,0.07645006800157716
0.9337160877778709,"{'learning_rate': 0.15781918301420578, 'max_depth': 21, 'max_features': 3, 'min_samples_split': 2, 'subsample': 0.9690413518652263}",454,12,0.06768697999359574
0.936795784136156,"{'learning_rate': 0.1380402537779591, 'max_depth': 21, 'max_features': 3, 'min_samples_split': 2, 'subsample': 0.9925819882310467}",455,8,0.06710122599906754
0.9387737142228659,"{'learning_rate': 0.1765214362175863, 'max_depth': 20, 'max_features': 3, 'min_samples_split': 3, 'subsample': 0.9889654876949089}",456,17,0.0713668289972702
0.9689477948881323,"{'learning_rate': 0.016807373560059628, 'max_depth': 21, 'max_features': 4, 'min_samples_split': 2, 'subsample': 0.9946023067967507}",457,50,0.2567501710000215
0.9291193703992183,"{'learning_rate': 0.11088878710453784, 'max_depth': 19, 'max_features': 3, 'min_samples_split': 2, 'subsample': 0.9911434064623242}",458,11,0.06665191600040998
0.9181243284376195,"{'learning_rate': 0.15782722864278348, 'max_depth': 20, 'max_features': 4, 'min_samples_split': 2, 'subsample': 0.9757173029697681}",459,6,0.09344055999827106
0.967339954828333,"{'learning_rate': 0.08756599347335643, 'max_depth': 21, 'max_features': 4, 'min_samples_split': 3, 'subsample': 0.9819288052273346}",460,9,0.07130580399825703
0.9506713903861901,"{'learning_rate': 0.09938220078156591, 'max_depth': 19, 'max_features': 4, 'min_samples_split': 2, 'subsample': 0.9871789504739358}",461,8,0.07432892300130334
0.8972258173673959,"{'learning_rate': 0.19809424409877355, 'max_depth': 19, 'max_features': 3, 'min_samples_split': 2, 'subsample': 0.9904063957797028}",462,7,0.06720251799561083
0.9304522740803116,"{'learning_rate': 0.12083510053428448, 'max_depth': 19, 'max_features': 2, 'min_samples_split': 2, 'subsample': 0.9910312446198682}",463,24,0.08440638200409012
0.984809620257084,"{'learning_rate': 0.013896797502751242, 'max_depth': 19, 'max_features': 3, 'min_samples_split': 3, 'subsample': 0.9931342479095927}",464,75,0.1982041239971295
0.9670736440016311,"{'learning_rate': 0.06586200938520587, 'max_depth': 18, 'max_features': 2, 'min_samples_split': 2, 'subsample': 0.9921662087464336}",465,12,0.07217030099855037
0.954717559199343,"{'learning_rate': 0.07928641191345562, 'max_depth': 18, 'max_features': 2, 'min_samples_split': 2, 'subsample': 0.9940654494201904}",466,47,0.09770286299317377
0.9511089473147892,"{'learning_rate': 0.055481603430962534, 'max_depth': 21, 'max_features': 2, 'min_samples_split': 2, 'subsample': 0.9948395809704399}",467,18,0.10414857500290964
0.9310406521589093,"{'learning_rate': 0.1775976025998132, 'max_depth': 19, 'max_features': 2, 'min_samples_split': 2, 'subsample': 0.9903033244909946}",468,8,0.0614429100023699
0.9266923381670278,"{'learning_rate': 0.13849024669688775, 'max_depth': 19, 'max_features': 3, 'min_samples_split': 2, 'subsample': 0.9936128509561574}",469,11,0.06669940199935809
0.9226192535407802,"{'learning_rate': 0.19893092840298304, 'max_depth': 20, 'max_features': 3, 'min_samples_split': 3, 'subsample': 0.9882728206685014}",470,8,0.06453866099764127
0.9394113013055327,"{'learning_rate': 0.1616667967015778, 'max_depth': 18, 'max_features': 3, 'min_samples_split': 2, 'subsample': 0.9852426878165744}",471,9,0.06513922999874922
0.9255022248719365,"{'learning_rate': 0.1291082668513423, 'max_depth': 21, 'max_features': 2, 'min_samples_split': 2, 'subsample': 0.9888137372749569}",472,10,0.07436049899843056
0.9135952788317974,"{'learning_rate': 0.09363108375523323, 'max_depth': 18, 'max_features': 3, 'min_samples_split': 2, 'subsample': 0.9895226189533132}",473,23,0.11904353099816944
0.9402711135108681,"{'learning_rate': 0.10862127569124852, 'max_depth': 20, 'max_features': 2, 'min_samples_split': 2, 'subsample': 0.9860846275872114}",474,9,0.0698548930013203
0.9384777755049324,"{'learning_rate': 0.19978729115674523, 'max_depth': 20, 'max_features': 3, 'min_samples_split': 3, 'subsample': 0.9926548802684271}",475,6,0.07439564399828669
0.9255570122339585,"{'learning_rate': 0.14517429350122973, 'max_depth': 19, 'max_features': 3, 'min_samples_split': 3, 'subsample': 0.9915739829429536}",476,9,0.07634490700002061
0.9666929143765248,"{'learning_rate': 0.07493463857975785, 'max_depth': 18, 'max_features': 3, 'min_samples_split': 2, 'subsample': 0.9841879670368731}",477,18,0.09945591800351394
0.9809615313803408,"{'learning_rate': 0.005176043569375784, 'max_depth': 19, 'max_features': 3, 'min_samples_split': 2, 'subsample': 0.9951634475358271}",478,100,0.4699602250038879
0.9043844511300583,"{'learning_rate': 0.17141764389281525, 'max_depth': 17, 'max_features': 2, 'min_samples_split': 2, 'subsample': 0.9960316750944614}",479,12,0.07188044899521628
0.9236253783619978,"{'learning_rate': 0.12061206965490306, 'max_depth': 21, 'max_features': 3, 'min_samples_split': 2, 'subsample': 0.9732962648219019}",480,9,0.07914205399720231
0.9547424998752805,"{'learning_rate': 0.08527520669337091, 'max_depth': 20, 'max_features': 4, 'min_samples_split': 2, 'subsample': 0.9825747650797635}",481,25,0.08576422100304626
0.9145893084671897,"{'learning_rate': 0.15460328610349441, 'max_depth': 18, 'max_features': 3, 'min_samples_split': 2, 'subsample': 0.9940623222802222}",482,12,0.0721216820020345
0.9287630258600037,"{'learning_rate': 0.19952092236999477, 'max_depth': 17, 'max_features': 2, 'min_samples_split': 3, 'subsample': 0.9868139313003186}",483,13,0.06434941099723801
0.947996099744647,"{'learning_rate': 0.047082232968230234, 'max_depth': 19, 'max_features': 4, 'min_samples_split': 2, 'subsample': 0.9642547067853621}",484,54,0.1549200439985725
0.9496832312683744,"{'learning_rate': 0.061626272252776636, 'max_depth': 21, 'max_features': 4, 'min_samples_split': 2, 'subsample': 0.9775149953590667}",485,27,0.09045742599846562
0.9168979369929168,"{'learning_rate': 0.17812238774834616, 'max_depth': 18, 'max_features': 2, 'min_samples_split': 2, 'subsample': 0.9906356196650039}",486,8,0.06358432699926198
0.9436532659679059,"{'learning_rate': 0.13388728406378703, 'max_depth': 20, 'max_features': 3, 'min_samples_split': 3, 'subsample': 0.9799460642972009}",487,11,0.06483840700093424
0.9490755844116314,"{'learning_rate': 0.09872544874213712, 'max_depth': 19, 'max_features': 4, 'min_samples_split': 2, 'subsample': 0.9900164002568034}",488,8,0.10042862100090133
0.9636222621712656,"{'learning_rate': 0.021707425456961214, 'max_depth': 17, 'max_features': 3, 'min_samples_split': 2, 'subsample': 0.993323101967189}",489,94,0.23084589700010838
0.9395155297732208,"{'learning_rate': 0.1444798614817366, 'max_depth': 18, 'max_features': 1, 'min_samples_split': 2, 'subsample': 0.9695954078634319}",490,11,0.06504157999734161
0.9542388055603028,"{'learning_rate': 0.04077137907479001, 'max_depth': 21, 'max_features': 4, 'min_samples_split': 2, 'subsample': 0.9516652848562548}",491,22,0.12616007099859416
0.9271026215824933,"{'learning_rate': 0.112205785000971, 'max_depth': 19, 'max_features': 2, 'min_samples_split': 3, 'subsample': 0.984711638372243}",492,18,0.09119587399618467
0.9260686467482705,"{'learning_rate': 0.19993490071166672, 'max_depth': 20, 'max_features': 4, 'min_samples_split': 2, 'subsample': 0.9918552065187082}",493,7,0.067759350000415
0.92353245340393,"{'learning_rate': 0.16054419776883616, 'max_depth': 17, 'max_features': 3, 'min_samples_split': 2, 'subsample': 0.9883287862769846}",494,6,0.07658031200116966
0.9402871733248653,"{'learning_rate': 0.12249247110382205, 'max_depth': 18, 'max_features': 4, 'min_samples_split': 2, 'subsample': 0.9817543883862482}",495,20,0.10241069799667457
0.9947315601793327,"{'learning_rate': 0.0026559169102786935, 'max_depth': 20, 'max_features': 4, 'min_samples_split': 2, 'subsample': 0.9589578447876491}",496,100,0.5097865339994314
0.9230480790274748,"{'learning_rate': 0.18090641776243294, 'max_depth': 18, 'max_features': 3, 'min_samples_split': 3, 'subsample': 0.974596428108914}",497,7,0.06254594199708663
0.9514416337576586,"{'learning_rate': 0.07068796327662277, 'max_depth': 19, 'max_features': 6, 'min_samples_split': 2, 'subsample': 0.9945926583883775}",498,17,0.0935484829969937
0.917858897569235,"{'learning_rate': 0.09959076223745568, 'max_depth': 21, 'max_features': 4, 'min_samples_split': 3, 'subsample': 0.9866129668372584}",499,15,0.08936362299573375
0.9532932980053749,"{'learning_rate': 0.08182275073733812, 'max_depth': 17, 'max_features': 5, 'min_samples_split': 2, 'subsample': 0.9782314913496567}",500,8,0.0747479259953252
